"City, Prov",lat,lon,Estimated Duration of Time,City ID
"Martensville, SK",52.2897,-106.6667,81,0
"Yellowknife, NT",62.4709,-114.4053,24,1
"Quesnel, BC",52.9784,-122.4927,94,2
"Saint-Zacharie, QC",46.1333,-70.3667,29,3
"Sainte-Felicite, QC",48.9000,-67.3333,24,4
"Wellesley, ON",43.5500,-80.7167,84,5
"Lincoln, ON",43.1300,-79.4300,14,6
"Pincourt, QC",45.3833,-73.9833,80,7
"Grande Prairie, AB",55.1708,-118.7947,88,8
"Mississippi Mills, ON",45.2167,-76.2000,89,9
"Brantford, ON",43.1667,-80.2500,51,10
"Lucan Biddulph, ON",43.2000,-81.3833,84,11
"Saint-Basile, QC",46.7500,-71.8167,76,12
"Sarnia, ON",42.9994,-82.3089,42,13
"New Tecumseth, ON",44.0833,-79.7500,11,14
"Stoke, QC",45.5333,-71.8000,54,15
"Tumbler Ridge, BC",55.1333,-121.0000,33,16
"Saint-Liguori, QC",46.0167,-73.5667,61,17
"Tweed, ON",44.6000,-77.3333,33,18
"Sainte-Madeleine, QC",45.6000,-73.1000,22,19
"Barrie, ON",44.3711,-79.6769,52,20
"Saint-Blaise-sur-Richelieu, QC",45.2167,-73.2833,20,21
"Drayton Valley, AB",53.2222,-114.9769,15,22
"Waterville, QC",45.2667,-71.9000,17,23
"Hanwell, NB",45.8681,-66.7947,80,24
"Sainte-Anne-des-Monts, QC",49.1333,-66.5000,72,25
"Lac-Drolet, QC",45.7200,-70.8500,19,26
"Bedford, QC",45.1167,-72.9833,10,27
"Sainte-Therese-de-Gaspe, QC",48.4167,-64.4167,30,28
"Wendake, QC",46.8693,-71.3628,16,29
"Malartic, QC",48.1333,-78.1333,58,30
"Beloeil, QC",45.5667,-73.2000,87,31
"Port McNeill, BC",50.5903,-127.0847,43,32
"Chertsey, QC",46.1700,-73.9200,23,33
"La Peche, QC",45.6833,-75.9833,28,34
"Cornwall, PE",46.2407,-63.2009,24,35
"Cote-Saint-Luc, QC",45.4687,-73.6673,66,36
"Harrison Park, MB",50.5563,-100.1674,39,37
"Havelock-Belmont-Methuen, ON",44.5667,-77.9000,96,38
"Eckville, AB",52.3622,-114.3614,38,39
"Spiritwood No. 496, SK",53.4435,-107.4495,50,40
"Sainte-Claire, QC",46.6000,-70.8667,72,41
"Alma, QC",48.5500,-71.6500,81,42
"Spaniards Bay, NL",47.6181,-53.3369,60,43
"Eel River Crossing, NB",48.0125,-66.4208,86,44
"West Nipissing / Nipissing Ouest, ON",46.3667,-79.9167,51,45
"Tay, ON",44.7167,-79.7667,28,46
"Rockwood, MB",50.2856,-97.2869,15,47
"Mont-Tremblant, QC",46.1167,-74.6000,23,48
"Weldford, NB",46.5221,-65.1114,73,49
"French River / Riviere des Francais, ON",46.1667,-80.5000,97,50
"Drummond/North Elmsley, ON",44.9667,-76.2000,32,51
"Elliot Lake, ON",46.3833,-82.6500,47,52
"Kimberley, BC",49.6697,-115.9775,64,53
"Upper Island Cove, NL",47.6472,-53.2233,83,54
"Schreiber, ON",48.8167,-87.2667,60,55
"Sainte-Marthe, QC",45.4000,-74.3000,47,56
"Saint-Constant, QC",45.3700,-73.5700,10,57
"Port-Daniel--Gascons, QC",48.1833,-64.9667,19,58
"Mont-Saint-Hilaire, QC",45.5622,-73.1917,77,59
"Stirling-Rawdon, ON",44.3667,-77.5917,62,60
"Severn, ON",44.7500,-79.5167,18,61
"Blanc-Sablon, QC",51.4167,-57.1333,64,62
"Armstrong, MB",50.6400,-97.4950,99,63
"Harrison Hot Springs, BC",49.3000,-121.7819,35,64
"Roxton Pond, QC",45.4833,-72.6667,37,65
"Tres-Saint-Sacrement, QC",45.1833,-73.8500,19,66
"Bluewater, ON",43.4500,-81.6000,83,67
"Caraquet, NB",47.7853,-64.9592,21,68
"Onoway, AB",53.7011,-114.1981,42,69
"Maple Creek No. 111, SK",49.8044,-109.6508,60,70
"Cookshire, QC",45.3729,-71.6720,43,71
"Obedjiwan, QC",48.6686,-74.9289,34,72
"Sussex Corner, NB",45.7122,-65.4719,14,73
"North Middlesex, ON",43.1500,-81.6333,33,74
"Salaberry-de-Valleyfield, QC",45.2500,-74.1300,82,75
"Red Deer, AB",52.2681,-113.8111,33,76
"Saint-Pierre-les-Becquets, QC",46.5000,-72.2000,84,77
"Saint-Antoine, NB",46.3629,-64.7530,75,78
"Saint-Denis, QC",45.7833,-73.1500,53,79
"Stukely-Sud, QC",45.3167,-72.4167,56,80
"Mayerthorpe, AB",53.9503,-115.1336,45,81
"Les Iles-de-la-Madeleine, QC",47.3833,-61.8667,75,82
"Nain, NL",56.5422,-61.6928,49,83
"Brebeuf, QC",46.0667,-74.6667,80,84
"Princeville, QC",46.1667,-71.8833,28,85
"Coleraine, QC",45.9649,-71.3734,61,86
"Saint-Mathieu-de-Beloeil, QC",45.5667,-73.2000,27,87
"Saint-Lin--Laurentides, QC",45.8500,-73.7667,57,88
"Petrolia, ON",42.8833,-82.1417,49,89
"Perth South, ON",43.3000,-81.1500,11,90
"South-West Oxford, ON",42.9500,-80.8000,51,91
"Richmond Hill, ON",43.8667,-79.4333,61,92
"Champlain, ON",45.5333,-74.6500,48,93
"Saint-Joseph-de-Sorel, QC",46.0446,-73.1308,62,94
"La Dore, QC",48.7200,-72.6500,23,95
"Gambo, NL",48.7833,-54.2167,22,96
"Saint-Joseph-de-Coleraine, QC",45.9700,-71.3700,59,97
"Louise, MB",49.1772,-98.8794,69,98
"Saint-Roch-de-l'Achigan, QC",45.8500,-73.6000,72,99
"Duchess, AB",50.7333,-111.9000,26,100
"Saint-Charles-Borromee, QC",46.0500,-73.4667,30,101
"Fort St. John, BC",56.2465,-120.8476,18,102
"Notre-Dame-du-Laus, QC",46.0833,-75.6167,94,103
"Montague, PE",46.1652,-62.6500,89,104
"Saint-Leon-de-Standon, QC",46.4833,-70.6167,74,105
"Amherst, QC",46.0500,-74.7667,32,106
"Lumsden No. 189, SK",50.6734,-104.7686,11,107
"Ottawa, ON",45.4247,-75.6950,62,108
"Saints-Anges, QC",46.4167,-70.8833,50,109
"Surrey, BC",49.1900,-122.8489,96,110
"View Royal, BC",48.4517,-123.4339,37,111
"Pincher Creek, AB",49.4861,-113.9500,80,112
"Northesk, NB",47.2569,-66.2613,77,113
"Val-d'Or, QC",48.1000,-77.7833,93,114
"Carstairs, AB",51.5619,-114.0953,90,115
"Gander, NL",48.9569,-54.6089,65,116
"Saint-Esprit, QC",45.9000,-73.6667,27,117
"Hay River, NT",60.7531,-115.9004,96,118
"Huntingdon, QC",45.0800,-74.1700,70,119
"Beaumont, AB",53.3572,-113.4147,85,120
"Huron East, ON",43.6300,-81.2800,80,121
"Mossey River, MB",51.7550,-99.9664,56,122
"Ormstown, QC",45.1300,-74.0000,82,123
"Saint-Antoine-de-Tilly, QC",46.6667,-71.5833,16,124
"Saint George, NB",45.2916,-66.8501,87,125
"Saint-Hippolyte, QC",45.9300,-74.0200,50,126
"Val-Joli, QC",45.6000,-71.9700,58,127
"Hamilton, ON",43.2567,-79.8692,16,128
"Longue-Rive, QC",48.5500,-69.2500,97,129
"Notre-Dame-des-Pins, QC",46.1833,-70.7167,67,130
"Dawson, YT",64.0464,-139.3893,20,131
"Riviere-Bleue, QC",47.4333,-69.0500,43,132
"Musquash, NB",45.1836,-66.3514,10,133
"South Dundas, ON",44.9167,-75.2667,69,134
"Studholm, NB",45.8133,-65.5747,85,135
"L'Islet-sur-Mer, QC",47.1000,-70.3500,32,136
"Riviere-Blanche, QC",48.7833,-67.7000,24,137
"Keremeos, BC",49.2025,-119.8294,24,138
"Godmanchester, QC",45.0800,-74.2500,60,139
"Havelock, NB",45.9523,-65.3885,43,140
"Baie Verte, NL",49.9167,-56.1833,47,141
"Grand-Remous, QC",46.6167,-75.9000,47,142
"La Ronge, SK",55.1000,-105.3000,64,143
"Essa, ON",44.2500,-79.7833,41,144
"Irricana, AB",51.3189,-113.6106,93,145
"Osler, SK",52.3700,-106.5400,61,146
"Glenella-Lansdowne, MB",50.4163,-99.2097,58,147
"Goulds, NL",47.4517,-52.7647,80,148
"Sagamok, ON",46.1529,-82.2072,47,149
"Edenwold No. 158, SK",50.5166,-104.3451,52,150
"Teulon, MB",50.3858,-97.2611,35,151
"L'Epiphanie, QC",45.8500,-73.4833,19,152
"Lions Bay, BC",49.4581,-123.2369,25,153
"Adelaide-Metcalfe, ON",42.9500,-81.7000,11,154
"Laird No. 404, SK",52.5696,-106.7312,56,155
"Swift Current, SK",50.2881,-107.7939,74,156
"Scott, QC",46.5120,-71.0770,80,157
"Grenville-sur-la-Rouge, QC",45.6500,-74.6333,77,158
"Pointe-a-la-Croix, QC",48.0167,-66.6833,27,159
"Russell-Binscarth, MB",50.7272,-101.3689,45,160
"Flin Flon (Part), MB",54.7712,-101.8419,36,161
"Greater Madawaska, ON",45.2722,-76.8589,97,162
"St. Louis No. 431, SK",52.8277,-105.7873,35,163
"Sainte-Elisabeth, QC",46.0833,-73.3500,23,164
"Sudbury, ON",46.4900,-81.0100,65,165
"North Vancouver, BC",49.3641,-123.0066,40,166
"Chibougamau, QC",49.9167,-74.3667,91,167
"Campbellton, NB",48.0050,-66.6731,27,168
"Smithers, BC",54.7819,-127.1681,58,169
"Miltonvale Park, PE",46.3180,-63.2370,23,170
"Ladysmith, BC",48.9975,-123.8203,82,171
"Larouche, QC",48.4500,-71.5167,64,172
"Marystown, NL",47.1667,-55.1667,24,173
"Komoka, ON",42.9580,-81.4001,11,174
"Saint-Marc-sur-Richelieu, QC",45.6833,-73.2000,68,175
"Petit Rocher, NB",47.7839,-65.7159,79,176
"Mono, ON",44.0167,-80.0667,19,177
"Laurentian Valley, ON",45.7681,-77.2239,53,178
"Saint-Charles-de-Bellechasse, QC",46.7667,-70.9500,35,179
"Saint-Louis, NB",46.7048,-65.1046,97,180
"Saint-Albert, QC",46.0000,-72.0833,11,181
"Hawkesbury, ON",45.6000,-74.6000,49,182
"Dufferin, MB",49.5319,-98.0700,52,183
"Queens, NS",44.0333,-64.7167,72,184
"North Frontenac, ON",44.9500,-76.9000,62,185
"Grande-Riviere, QC",48.4000,-64.5000,97,186
"Wabush, NL",52.9081,-66.8690,67,187
"Sainte-Anne-de-la-Pocatiere, QC",47.3500,-70.0000,72,188
"Southwold, ON",42.7500,-81.3167,54,189
"Minto, ON",43.9167,-80.8667,54,190
"St. Clair, ON",42.7833,-82.3500,36,191
"Orillia, ON",44.6000,-79.4167,30,192
"Ponoka, AB",52.6833,-113.5667,26,193
"Dildo, NL",47.5685,-53.5471,42,194
"Saint-Andre, NB",47.1392,-67.7444,91,195
"Saint-David-de-Falardeau, QC",48.6167,-71.1167,81,196
"Didsbury, AB",51.6658,-114.1311,94,197
"Les Escoumins, QC",48.3500,-69.4000,39,198
"Trenton, NS",45.6193,-62.6332,48,199
"Deloraine-Winchester, MB",49.1775,-100.4322,96,200
"Delson, QC",45.3700,-73.5500,72,201
"Portage La Prairie, MB",49.9728,-98.2919,80,202
"Royston, BC",49.6405,-124.9406,64,203
"Saint-Alban, QC",46.7167,-72.0833,15,204
"Comox, BC",49.6733,-124.9022,53,205
"Lorrainville, QC",47.3613,-79.3382,66,206
"Gordon, NB",46.8363,-67.1913,15,207
"Valcourt, QC",45.5000,-72.3167,58,208
"Pickering, ON",43.8354,-79.0890,45,209
"Saint-Adolphe-d'Howard, QC",45.9700,-74.3300,80,210
"Wasagamack, MB",53.9056,-94.9412,18,211
"Maniwaki, QC",46.3750,-75.9667,30,212
"Saint-Louis-de-Gonzague, QC",45.2000,-73.9800,27,213
"Thompson, MB",55.7433,-97.8553,25,214
"Turner Valley, AB",50.6739,-114.2786,71,215
"Battleford, SK",52.7383,-108.3153,35,216
"Tyendinaga, ON",44.3000,-77.2000,91,217
"Saint-Michel-de-Bellechasse, QC",46.8667,-70.9167,84,218
"Valemount, BC",52.8284,-119.2659,36,219
"Clearview, ON",44.3981,-80.0742,84,220
"Baker Lake, NU",64.3287,-96.0308,90,221
"Kingsey Falls, QC",45.8500,-72.0667,74,222
"St. Paul, AB",53.9928,-111.2972,41,223
"Coquitlam, BC",49.2839,-122.7919,75,224
"Wemindji, QC",53.0440,-78.7384,93,225
"Addington Highlands, ON",45.0000,-77.2500,39,226
"Lac-Megantic, QC",45.5833,-70.8833,81,227
"Saint-Alexis, QC",45.9333,-73.6167,85,228
"North Bay, ON",46.3000,-79.4500,53,229
"Birch Hills, SK",52.9833,-105.4333,90,230
"Brownsburg, QC",45.6703,-74.4467,57,231
"Creston, BC",49.0900,-116.5100,20,232
"Harbour Main-Chapel's Cove-Lakeview, NL",47.4337,-53.1458,23,233
"Oxford, NS",45.7306,-63.8733,89,234
"Sainte-Brigitte-de-Laval, QC",47.0000,-71.2000,36,235
"Carnduff, SK",49.1670,-101.7830,34,236
"Price, QC",48.6017,-68.1227,33,237
"Langford Station, BC",48.4506,-123.5058,95,238
"Becancour, QC",46.3333,-72.4333,95,239
"Rossburn, MB",50.7272,-100.7408,51,240
"Humboldt, SK",52.2019,-105.1231,17,241
"Tofino, BC",49.1275,-125.8852,60,242
"Temiskaming Shores, ON",47.5167,-79.6833,90,243
"Grand Falls, NL",48.9578,-55.6633,60,244
"Berthierville, QC",46.0833,-73.1833,79,245
"Mistissini, QC",50.5707,-73.6829,77,246
"Sainte-Marguerite-du-Lac-Masson, QC",46.0560,-74.0723,17,247
"Lanoraie, QC",45.9667,-73.2167,24,248
"Clyde River, NU",70.4632,-68.4822,40,249
"Mulmur, ON",44.1917,-80.1083,42,250
"Levis, QC",46.8000,-71.1833,68,251
"Provost, AB",52.3539,-110.2686,33,252
"Norfolk-Treherne, MB",49.6653,-98.5967,99,253
"La Tuque, QC",48.0652,-74.0528,94,254
"Brenda-Waskada, MB",49.1775,-100.7019,46,255
"Roberval, QC",48.5200,-72.2300,34,256
"La Guadeloupe, QC",45.9500,-70.9300,21,257
"Naramata, BC",49.5886,-119.5838,78,258
"High Prairie, AB",55.4325,-116.4861,52,259
"Cape Dorset, NU",64.2237,-76.5405,56,260
"Hinton, AB",53.4114,-117.5639,92,261
"Lumby, BC",50.2494,-118.9656,60,262
"Saint-Rene-de-Matane, QC",48.7000,-67.3833,26,263
"Alberton, PE",46.8167,-64.0667,97,264
"Smooth Rock Falls, ON",49.2833,-81.6333,95,265
"Orkney No. 244, SK",51.2557,-102.6469,57,266
"Cornwall, ON",45.0275,-74.7400,61,267
"Saint-Amable, QC",45.6500,-73.3000,72,268
"Saint-Philippe, QC",45.3500,-73.4700,27,269
"Chateau-Richer, QC",46.9667,-71.0167,26,270
"Devon, AB",53.3633,-113.7322,99,271
"Emo, ON",48.6333,-93.8333,65,272
"Senneterre, QC",48.3833,-77.2333,44,273
"Saint-Faustin--Lac-Carre, QC",46.0813,-74.4668,69,274
"McCreary, MB",50.7494,-99.4850,29,275
"Athabasca, AB",54.7197,-113.2856,21,276
"Granby, QC",45.4000,-72.7333,42,277
"Saint-Michel-du-Squatec, QC",47.8800,-68.7200,72,278
"Dauphin, MB",51.1992,-100.0633,63,279
"Mont-Saint-Gregoire, QC",45.3333,-73.1667,58,280
"Caplan, QC",48.1000,-65.6833,99,281
"Englehart, ON",47.8167,-79.8667,42,282
"Meaford, ON",44.5800,-80.7300,78,283
"Saint-Henri, QC",46.7000,-71.0667,17,284
"Drumheller, AB",51.4636,-112.7194,76,285
"Nouvelle, QC",48.1333,-66.3167,59,286
"Millet, AB",53.0978,-113.4728,67,287
"Saint-Edouard-de-Lotbiniere, QC",46.5667,-71.8333,68,288
"Salmo, BC",49.1942,-117.2778,90,289
"Saint-Damase, QC",45.5333,-73.0000,53,290
"Twillingate, NL",49.6444,-54.7436,53,291
"Lambton, QC",45.8300,-71.0800,30,292
"La Broquerie, MB",49.3994,-96.5103,56,293
"Piney, MB",49.2069,-95.8333,33,294
"Valleyview, AB",55.0686,-117.2683,49,295
"Fort Simpson, NT",61.8082,-121.3199,10,296
"Sainte-Victoire-de-Sorel, QC",45.9500,-73.0833,35,297
"Cambridge Bay, NU",69.1528,-105.1707,51,298
"Pouch Cove, NL",47.7670,-52.7670,53,299
"Saint-Guillaume, QC",45.8833,-72.7667,61,300
"Pemberton, BC",50.3203,-122.8053,97,301
"Laird, ON",46.3833,-84.0667,74,302
"Saint-Paul, QC",45.9833,-73.4500,22,303
"Hillsburg-Roblin-Shell River, MB",51.3343,-101.2929,75,304
"Paspebiac, QC",48.0333,-65.2500,63,305
"Gore, QC",45.7700,-74.2500,42,306
"Two Hills, AB",53.7150,-111.7461,35,307
"Stratford, PE",46.2167,-63.0893,16,308
"Middlesex Centre, ON",43.0500,-81.4500,55,309
"Plaisance, QC",45.6167,-75.1167,52,310
"East Zorra-Tavistock, ON",43.2333,-80.7833,56,311
"Duck Lake No. 463, SK",52.9596,-106.2089,58,312
"Queensbury, NB",45.9918,-67.0632,64,313
"Mille-Isles, QC",45.8200,-74.2200,15,314
"Newcastle, NB",47.1725,-65.5551,66,315
"Sainte-Marie-Madeleine, QC",45.6000,-73.1000,86,316
"Moose Jaw, SK",50.3933,-105.5519,93,317
"Saint-Bernard, QC",46.5000,-71.1333,52,318
"Zorra, ON",43.1500,-80.9500,48,319
"St. Catharines, ON",43.1833,-79.2333,40,320
"Air Ronge, SK",55.0872,-105.3318,76,321
"Sylvan Lake, AB",52.3083,-114.0964,72,322
"Saint-Jean-de-Dieu, QC",48.0000,-69.0500,59,323
"Macdonald, MB",49.6725,-97.4472,26,324
"Smiths Falls, ON",44.9000,-76.0167,12,325
"Povungnituk, QC",60.0477,-77.2751,91,326
"Burford, ON",43.1036,-80.4240,57,327
"Kaleden, BC",49.3926,-119.5955,41,328
"White City, SK",50.4353,-104.3572,94,329
"Northampton, NB",46.1313,-67.4713,27,330
"St-Pierre-Jolys, MB",49.4403,-96.9844,79,331
"Yellowhead, MB",50.4847,-100.4828,45,332
"Kirkland Lake, ON",48.1500,-80.0333,12,333
"Oyen, AB",51.3522,-110.4739,39,334
"Burnaby, BC",49.2667,-122.9667,20,335
"Front of Yonge, ON",44.5333,-75.8667,20,336
"La Conception, QC",46.1500,-74.7000,76,337
"Gracefield, QC",46.0926,-75.9574,25,338
"Blainville, QC",45.6700,-73.8800,79,339
"Highlands, BC",48.5200,-123.5000,75,340
"Cramahe, ON",44.0833,-77.8833,51,341
"Espanola, ON",46.2500,-81.7667,16,342
"Gillam, MB",56.3472,-94.7078,59,343
"Richibucto, NB",46.6189,-64.8385,91,344
"Caledon, ON",43.8667,-79.8667,93,345
"Port Colborne, ON",42.8833,-79.2500,39,346
"Fort St. James, BC",54.4431,-124.2542,50,347
"Irishtown-Summerside, NL",48.9833,-57.9500,41,348
"Wawa, ON",47.9931,-84.7736,92,349
"Saint-Georges-de-Clarenceville, QC",45.0667,-73.2500,29,350
"Cochrane, AB",51.1890,-114.4670,87,351
"Saint-Gedeon-de-Beauce, QC",45.8500,-70.6333,81,352
"Pilot Butte, SK",50.4667,-104.4167,77,353
"Sioux Lookout, ON",50.1000,-91.9167,99,354
"Alberta Beach, AB",53.6767,-114.3500,74,355
"Amaranth, ON",43.9833,-80.2333,76,356
"Argyle, NS",43.8000,-65.8500,51,357
"Milton, ON",43.5083,-79.8833,34,358
"Augusta, ON",44.7511,-75.6003,77,359
"Berwick, NS",45.0475,-64.7360,34,360
"Mattawa, ON",46.3167,-78.7000,71,361
"Prince, ON",46.5333,-84.5000,55,362
"Grande-Vallee, QC",49.2167,-65.1333,18,363
"Coverdale, NB",46.0003,-64.8859,82,364
"Disraeli, QC",45.9000,-71.3500,75,365
"Fort Erie, ON",42.9167,-79.0167,65,366
"Sherbrooke, QC",45.4000,-71.9000,17,367
"Fort-Coulonge, QC",45.8500,-76.7333,71,368
"Sainte-Clotilde, QC",45.1500,-73.6833,55,369
"Dunsmuir, BC",49.3696,-124.5772,87,370
"Campbell River, BC",50.0244,-125.2475,60,371
"Montague, ON",44.9667,-75.9667,38,372
"Sept-Iles, QC",50.2167,-66.3833,49,373
"Saint-Cesaire, QC",45.4167,-73.0000,82,374
"L' Isle-Verte, QC",48.0167,-69.3333,76,375
"Gibbons, AB",53.8278,-113.3228,99,376
"Brockton, ON",44.1667,-81.2167,86,377
"Pont-Rouge, QC",46.7500,-71.7000,44,378
"Langham, SK",52.3667,-106.9667,92,379
"Fox Creek, AB",54.3950,-116.8092,98,380
"McMasterville, QC",45.5500,-73.2333,13,381
"Saint-Victor, QC",46.1500,-70.9000,75,382
"Viking, AB",53.0953,-111.7769,62,383
"Hanna, AB",51.6383,-111.9419,91,384
"Moncton, NB",46.1328,-64.7714,72,385
"Chambly, QC",45.4311,-73.2873,85,386
"Saint-Alexandre-de-Kamouraska, QC",47.6817,-69.6250,28,387
"Clearwater, BC",51.6500,-120.0333,33,388
"Leamington, ON",42.0667,-82.5833,62,389
"Niagara Falls, ON",43.0600,-79.1067,14,390
"Marathon, ON",48.7500,-86.3667,22,391
"Portugal Cove-St. Philip's, NL",47.6272,-52.8506,42,392
"Northern Rockies, BC",59.0000,-123.7500,33,393
"Lameque, NB",47.7925,-64.6532,36,394
"Williams Lake, BC",52.1294,-122.1383,51,395
"Saint-Boniface, QC",46.5000,-72.8167,98,396
"Stellarton, NS",45.5567,-62.6600,30,397
"Saint-Alphonse-de-Granby, QC",45.3333,-72.8167,55,398
"Golden, BC",51.3019,-116.9667,66,399
"Sayabec, QC",48.5667,-67.6833,56,400
"Saint-Jean-sur-Richelieu, QC",45.3167,-73.2667,29,401
"Saint-Armand, QC",45.0333,-73.0500,43,402
"Stephenville, NL",48.5500,-58.5667,40,403
"Riviere-Rouge, QC",46.4167,-74.8667,48,404
"Lery, QC",45.3500,-73.8000,55,405
"Normandin, QC",48.8333,-72.5333,62,406
"Montreal-Ouest, QC",45.4536,-73.6472,71,407
"Temiscaming, QC",46.7167,-79.1000,74,408
"Rougemont, QC",45.4333,-73.0500,17,409
"Vanscoy No. 345, SK",52.0073,-107.0552,93,410
"Saguenay, QC",48.4167,-71.0667,30,411
"Burns Lake, BC",54.2292,-125.7625,96,412
"Cap Pele, NB",46.2172,-64.2822,47,413
"Grenville, QC",45.6333,-74.6000,19,414
"Saint-Alphonse-Rodriguez, QC",46.1833,-73.7000,42,415
"Sainte-Luce, QC",48.5500,-68.3800,76,416
"Nantes, QC",45.6333,-71.0333,25,417
"Piedmont, QC",45.9000,-74.1300,47,418
"Petawawa, ON",45.9000,-77.2833,92,419
"Deux-Montagnes, QC",45.5333,-73.8833,96,420
"Saint-Pascal, QC",47.5333,-69.8000,59,421
"Cornwallis, MB",49.7981,-99.8481,36,422
"Saint-Thomas, QC",46.0167,-73.3500,48,423
"St. Clements, MB",50.2689,-96.6742,59,424
"Notre-Dame-du-Nord, QC",47.6000,-79.4833,28,425
"Bonnechere Valley, ON",45.5333,-77.1000,12,426
"Erin, ON",43.7667,-80.0667,71,427
"Charlo, NB",48.0000,-66.3200,48,428
"Shannon, QC",46.8833,-71.5167,64,429
"Beckwith, ON",45.0833,-76.0667,28,430
"Gatineau, QC",45.4833,-75.6500,58,431
"Armstrong, BC",50.4483,-119.1961,19,432
"Penhold, AB",52.1333,-113.8667,56,433
"Durham-Sud, QC",45.6667,-72.3333,17,434
"Atholville, NB",47.9894,-66.7125,68,435
"Sainte-Anne-de-la-Perade, QC",46.5833,-72.2000,54,436
"Victoria, NL",47.7675,-53.2411,95,437
"Yarmouth, NS",43.8361,-66.1175,97,438
"Shawinigan, QC",46.5667,-72.7500,51,439
"Shellbrook No. 493, SK",53.3545,-106.2553,26,440
"Huron Shores, ON",46.2833,-83.2000,18,441
"Carignan, QC",45.4500,-73.3000,65,442
"Pointe-Calumet, QC",45.5000,-73.9700,99,443
"Grahamdale, MB",51.4200,-98.3733,33,444
"Chisholm, ON",46.1000,-79.2333,16,445
"Newmarket, ON",44.0500,-79.4667,70,446
"Guelph/Eramosa, ON",43.6300,-80.2200,16,447
"Legal, AB",53.9492,-113.5950,67,448
"East Broughton, QC",46.2167,-71.0667,14,449
"Black River-Matheson, ON",48.5333,-80.4667,25,450
"Lakeshore, MB",51.2440,-99.6562,73,451
"Westbank, BC",49.8423,-119.6743,66,452
"Saint-Charles-sur-Richelieu, QC",45.6833,-73.1833,52,453
"Saint-Francois-du-Lac, QC",46.0667,-72.8333,98,454
"Huntsville, ON",45.3333,-79.2167,37,455
"McKellar, ON",45.4833,-79.8500,96,456
"Racine, QC",45.5000,-72.2500,98,457
"Pinehouse, SK",55.5136,-106.5986,55,458
"Parksville, BC",49.3150,-124.3120,19,459
"Wellington, NB",46.4768,-64.7478,18,460
"Tisdale, SK",52.8500,-104.0500,57,461
"Moonbeam, ON",49.3500,-82.1500,41,462
"Saint-Fabien, QC",48.3000,-68.8700,93,463
"L'Avenir, QC",45.7667,-72.3000,72,464
"Lewisporte, NL",49.2300,-55.0700,83,465
"Duncan, BC",48.7787,-123.7079,79,466
"Oliver, BC",49.1844,-119.5500,86,467
"Bayham, ON",42.7333,-80.7833,47,468
"Trent Lakes, ON",44.6667,-78.4333,28,469
"Plaster Rock, NB",46.8833,-67.3833,84,470
"Hearst, ON",49.6869,-83.6544,80,471
"Collingwood, ON",44.5000,-80.2167,70,472
"Wemotaci, QC",47.9219,-73.7872,81,473
"Val-Shefford, QC",45.3500,-72.5667,44,474
"Central Manitoulin, ON",45.7167,-82.2000,15,475
"Saint-Maurice, QC",46.4667,-72.5333,67,476
"Balgonie, SK",50.4880,-104.2690,36,477
"Thorold, ON",43.1167,-79.2000,28,478
"Hilliers, BC",49.3022,-124.4727,66,479
"Saint-Jude, QC",45.7667,-72.9833,24,480
"Saint-Jacques, NB",47.5634,-68.3693,62,481
"Saint-Augustin-de-Desmaures, QC",46.7333,-71.4667,18,482
"Papineauville, QC",45.6167,-75.0167,67,483
"Chute-aux-Outardes, QC",49.1167,-68.4000,44,484
"Wainwright, AB",52.8333,-110.8667,64,485
"Claresholm, AB",50.0194,-113.5783,21,486
"Saint-Wenceslas, QC",46.1667,-72.3333,71,487
"Sechelt, BC",49.4742,-123.7542,39,488
"Britannia No. 502, SK",53.4236,-109.7772,56,489
"Headingley, MB",49.8681,-97.3908,29,490
"Hensall, ON",43.4345,-81.5040,60,491
"Glenboro-South Cypress, MB",49.6650,-99.3708,67,492
"Sooke, BC",48.3761,-123.7378,11,493
"Harbour Grace, NL",47.6917,-53.2167,23,494
"Calgary, AB",51.0500,-114.0667,92,495
"Sainte-Ursule, QC",46.2833,-73.0333,48,496
"Saint-Lazare, QC",45.4000,-74.1333,12,497
"The Nation / La Nation, ON",45.3500,-75.0333,81,498
"South Frontenac, ON",44.5081,-76.4939,65,499
"Shelburne, NS",43.7633,-65.3236,29,500
"Brampton, ON",43.6833,-79.7667,45,501
"Whitewater Region, ON",45.7167,-76.8333,12,502
"Hamiota, MB",50.1964,-100.6342,41,503
"Saint-Calixte, QC",45.9500,-73.8500,69,504
"Notre-Dame-du-Portage, QC",47.7667,-69.6167,70,505
"Salmon Arm, BC",50.7022,-119.2722,60,506
"Warman, SK",52.3219,-106.5842,93,507
"Herouxville, QC",46.6667,-72.6167,33,508
"Sainte-Thecle, QC",46.8167,-72.5000,94,509
"South Bruce Peninsula, ON",44.7333,-81.2000,57,510
"Eastman, QC",45.3341,-72.3041,68,511
"Claremont, ON",43.9741,-79.1316,60,512
"Montcalm, MB",49.1775,-97.3247,49,513
"Trochu, AB",51.8236,-113.2328,26,514
"Saint-Colomban, QC",45.7300,-74.1300,16,515
"Ellison, BC",49.9646,-119.3178,93,516
"LaSalle, ON",42.2167,-83.0667,59,517
"Faraday, ON",45.0000,-77.9167,10,518
"Longlaketon No. 219, SK",50.9386,-104.6913,85,519
"New Bandon, NB",47.6912,-65.2900,71,520
"Beresford, NB",47.7181,-65.8794,90,521
"Morinville, AB",53.8022,-113.6497,39,522
"Inverness, NS",46.2000,-61.1000,15,523
"Iroquois Falls, ON",48.7667,-80.6667,39,524
"Quinte West, ON",44.1833,-77.5667,24,525
"Macdonald, Meredith and Aberdeen Additional, ON",46.4833,-84.0667,11,526
"Sainte-Brigide-d'Iberville, QC",45.3167,-73.0667,22,527
"East Kelowna, BC",49.8625,-119.5833,34,528
"Simonds, NB",45.3145,-65.8030,75,529
"Meadow Lake, SK",54.1242,-108.4358,76,530
"Creighton, SK",54.7561,-101.8973,17,531
"Brokenhead, MB",50.1428,-96.5319,57,532
"Saint-Lucien, QC",45.8667,-72.2667,87,533
"Saint-Bonaventure, QC",45.9667,-72.6833,92,534
"Saint-Come--Liniere, QC",46.0667,-70.5167,46,535
"Armour, ON",45.6289,-79.3436,36,536
"Joliette, QC",46.0167,-73.4500,78,537
"Sainte-Barbe, QC",45.1667,-74.2000,11,538
"Wilmot, NB",46.3463,-67.7099,39,539
"Saint-Lambert-de-Lauzon, QC",46.5865,-71.2271,82,540
"Northern Bruce Peninsula, ON",45.0800,-81.3800,73,541
"Elk Point, AB",53.8967,-110.8972,35,542
"Grey Highlands, ON",44.3333,-80.5000,40,543
"Brock, ON",44.3167,-79.0833,28,544
"Notre-Dame-des-Neiges, QC",48.1167,-69.1667,10,545
"Thessalon, ON",46.2500,-83.5500,50,546
"Killaloe, Hagarty and Richards, ON",45.6000,-77.5000,99,547
"Saint-Mathieu-du-Parc, QC",46.5667,-72.9167,11,548
"Peachland, BC",49.7736,-119.7369,67,549
"Ste. Rose, MB",51.0222,-99.4306,36,550
"St. Andrews, MB",50.2700,-96.9747,64,551
"London, ON",42.9836,-81.2497,25,552
"Kent, BC",49.2833,-121.7500,17,553
"Noyan, QC",45.0667,-73.3000,81,554
"Woodlands, MB",50.2408,-97.7358,14,555
"Varennes, QC",45.6833,-73.4333,39,556
"Port Hardy, BC",50.7225,-127.4928,27,557
"Saint-Mathias-sur-Richelieu, QC",45.4667,-73.2667,51,558
"Carling, ON",45.4333,-80.2167,69,559
"Prince George, BC",53.9169,-122.7494,51,560
"Hope, BC",49.3858,-121.4419,44,561
"Danville, QC",45.7833,-72.0167,51,562
"Saint-Roch-de-Richelieu, QC",45.8833,-73.1667,93,563
"Leeds and the Thousand Islands, ON",44.4500,-76.0800,40,564
"Lambton Shores, ON",43.1833,-81.9000,24,565
"Hinchinbrooke, QC",45.0500,-74.1000,64,566
"Minto, NB",46.1497,-66.1067,81,567
"Edson, AB",53.5817,-116.4344,91,568
"Invermere, BC",50.5083,-116.0303,34,569
"Minitonas-Bowsman, MB",52.1433,-100.9772,23,570
"Saint-Norbert-d'Arthabaska, QC",46.1000,-71.8167,81,571
"Saint-Malachie, QC",46.5333,-70.7667,33,572
"Powerview-Pine Falls, MB",50.5661,-96.1981,67,573
"Boischatel, QC",46.9000,-71.1500,77,574
"Lachute, QC",45.6500,-74.3333,10,575
"Frampton, QC",46.4667,-70.8000,80,576
"Saltair, BC",48.9504,-123.7637,59,577
"Tingwick, QC",45.8873,-71.9244,19,578
"Kipling, SK",50.1015,-102.6324,11,579
"Whitehead, MB",49.7981,-100.2575,87,580
"Penetanguishene, ON",44.7667,-79.9333,79,581
"Beauport, QC",46.9667,-71.3000,54,582
"Sainte-Jeanne-d'Arc, QC",48.8575,-72.0939,44,583
"Chilliwack, BC",49.1577,-121.9509,24,584
"Camrose, AB",53.0167,-112.8333,59,585
"La Prairie, QC",45.4200,-73.5000,97,586
"East Hawkesbury, ON",45.5167,-74.4667,86,587
"Bowden, AB",51.9306,-114.0256,89,588
"Lillooet, BC",50.6864,-121.9364,29,589
"Belleville, ON",44.1667,-77.3833,10,590
"Bay Roberts, NL",47.5847,-53.2783,92,591
"Saint-Gilles, QC",46.5167,-71.3667,89,592
"Metabetchouan-Lac-a-la-Croix, QC",48.4333,-71.8667,18,593
"Wasaga Beach, ON",44.5206,-80.0167,38,594
"Saint-Narcisse-de-Rimouski, QC",48.2800,-68.4300,60,595
"Saint-Basile-le-Grand, QC",45.5333,-73.2833,32,596
"Cardston, AB",49.2025,-113.3019,96,597
"Sainte-Anne-des-Lacs, QC",45.8500,-74.1333,20,598
"Saint-Andre-d'Argenteuil, QC",45.5667,-74.3333,39,599
"Saint-Theodore-d'Acton, QC",45.6833,-72.5833,85,600
"Sainte-Anne-de-Beaupre, QC",47.0167,-70.9333,58,601
"Wellington North, ON",43.9000,-80.5700,43,602
"Kingston, NB",45.4663,-66.0217,75,603
"Perth East, ON",43.4700,-80.9500,20,604
"Saint Mary, NB",46.3987,-64.8681,18,605
"Vulcan, AB",50.4000,-113.2500,30,606
"Stephenville Crossing, NL",48.5167,-58.4167,49,607
"Wabasca, AB",55.9855,-113.8566,82,608
"Delisle, SK",51.9254,-107.1333,78,609
"Moosonee, ON",51.2722,-80.6431,44,610
"Saint-Sauveur, QC",45.9000,-74.1700,13,611
"Colwood, BC",48.4236,-123.4958,70,612
"Prince Albert, SK",53.2000,-105.7500,37,613
"Wembley, AB",55.1572,-119.1392,55,614
"Westfield Beach, NB",45.3432,-66.2868,39,615
"L'Isle-aux-Allumettes, QC",45.8667,-77.0667,37,616
"Grand Falls, NB",47.0344,-67.7394,54,617
"Lake Cowichan, BC",48.8258,-124.0542,48,618
"Macklin, SK",52.3300,-109.9400,13,619
"Three Hills, AB",51.7072,-113.2647,78,620
"Pembina, MB",49.1775,-98.5408,36,621
"South Stormont, ON",45.0833,-74.9667,48,622
"Dalhousie, NB",48.1000,-66.6167,65,623
"Ayer's Cliff, QC",45.1667,-72.0500,29,624
"Saint-Alexandre, QC",45.2333,-73.1167,13,625
"New Maryland, NB",45.8911,-66.6847,86,626
"L'Ile-Perrot, QC",45.3833,-73.9500,75,627
"Buffalo Narrows, SK",55.8769,-108.5244,62,628
"Aylmer, ON",42.7667,-80.9833,41,629
"Waterloo, ON",43.4667,-80.5167,61,630
"Saint-Raphael, QC",46.8000,-70.7500,26,631
"Allardville, NB",47.4321,-65.4383,83,632
"Truro, NS",45.3647,-63.2800,25,633
"Trois-Pistoles, QC",48.1200,-69.1800,21,634
"Flin Flon, SK",54.7667,-101.8778,70,635
"Essex, ON",42.0833,-82.9000,92,636
"Melfort, SK",52.8564,-104.6100,31,637
"Fredericton, NB",45.9636,-66.6431,23,638
"Havre-Saint-Pierre, QC",50.2333,-63.6000,79,639
"Princeton, BC",49.4589,-120.5060,41,640
"Cap-Chat, QC",49.1000,-66.6833,38,641
"Grindrod, BC",50.6300,-119.1314,97,642
"Alnwick/Haldimand, ON",44.0833,-78.0333,41,643
"Port Moody, BC",49.2831,-122.8317,42,644
"Saint-Barthelemy, QC",46.1833,-73.1333,88,645
"Torbay, NL",47.6500,-52.7333,83,646
"Sainte-Clotilde-de-Horton, QC",45.9833,-72.2333,44,647
"Windsor, QC",45.5667,-72.0000,23,648
"Cap Sante, QC",46.6667,-71.7833,60,649
"Mandeville, QC",46.3667,-73.3500,44,650
"Pasadena, NL",49.0161,-57.6050,23,651
"High River, AB",50.5808,-113.8744,88,652
"New Richmond, QC",48.1667,-65.8667,39,653
"Grassland, MB",49.4306,-100.3103,11,654
"Midland, ON",44.7500,-79.8833,13,655
"Tay Valley, ON",44.8667,-76.3833,85,656
"Kelowna, BC",49.8881,-119.4956,60,657
"Kamsack, SK",51.5650,-101.8947,89,658
"Rosthern, SK",52.6500,-106.3333,32,659
"Paradise, NL",47.5333,-52.8667,82,660
"New Glasgow, NS",45.5926,-62.6455,10,661
"Saint-Patrice-de-Sherrington, QC",45.1667,-73.5167,63,662
"Taber, AB",49.7847,-112.1508,49,663
"Sainte-Agathe-de-Lotbiniere, QC",46.3833,-71.4167,83,664
"Barrington, NS",43.5646,-65.5639,78,665
"Cumberland, BC",49.6206,-125.0261,88,666
"Arran-Elderslie, ON",44.4000,-81.2000,97,667
"Niagara-on-the-Lake, ON",43.2553,-79.0717,91,668
"Coldstream, BC",50.2200,-119.2481,96,669
"Causapscal, QC",48.3667,-67.2333,91,670
"Hampton, NB",45.5330,-65.8330,56,671
"Shawville, QC",45.6000,-76.4833,16,672
"Repulse Bay, NU",66.5628,-86.3186,54,673
"Douglas, NB",46.2819,-66.9420,44,674
"Saint-Zotique, QC",45.2500,-74.2500,16,675
"Northeastern Manitoulin and the Islands, ON",45.9667,-81.9333,50,676
"Powassan, ON",46.0825,-79.3619,76,677
"Clermont, QC",47.6833,-70.2333,48,678
"Dudswell, QC",45.5833,-71.5833,55,679
"Val-Morin, QC",46.0000,-74.1800,94,680
"West Vancouver, BC",49.3667,-123.1667,20,681
"Hardwicke, NB",47.0208,-65.0302,28,682
"Riviere-Ouelle, QC",47.4333,-70.0167,44,683
"Inukjuak, QC",58.4824,-78.1309,23,684
"Sainte-Beatrix, QC",46.2000,-73.6167,16,685
"Tiny, ON",44.6833,-79.9500,79,686
"Prevost, QC",45.8700,-74.0800,91,687
"Killarney - Turtle Mountain, MB",49.1775,-99.6906,60,688
"Mont-Royal, QC",45.5161,-73.6431,11,689
"Ville-Marie, QC",47.3333,-79.4333,83,690
"Saint-Pierre-de-l'Ile-d'Orleans, QC",46.8833,-71.0667,38,691
"Bow Island, AB",49.8667,-111.3667,97,692
"Pointe-Lebel, QC",49.1667,-68.2000,46,693
"Petitcodiac, NB",45.9333,-65.1667,63,694
"Lakeview, BC",49.9026,-119.5699,58,695
"Arborg, MB",50.9075,-97.2182,20,696
"Saint-Ferdinand, QC",46.1000,-71.5667,36,697
"Lac-Nominingue, QC",46.4000,-75.0333,53,698
"Loyalist, ON",44.2500,-76.7500,95,699
"Maskinonge, QC",46.2333,-73.0167,24,700
"Saanich, BC",48.4840,-123.3810,34,701
"Outlook, SK",51.5000,-107.0500,36,702
"Cobourg, ON",43.9667,-78.1667,27,703
"Rosser, MB",49.9900,-97.4592,92,704
"Sussex, NB",45.7167,-65.5167,45,705
"Lyster, QC",46.3667,-71.6167,33,706
"Brudenell, Lyndoch and Raglan, ON",45.3167,-77.4000,41,707
"Dryden, ON",49.7833,-92.8333,37,708
"Saint-Jean-de-Matha, QC",46.2300,-73.5300,60,709
"Stone Mills, ON",44.4500,-76.9167,63,710
"Saint-Joachim, QC",47.0500,-70.8500,46,711
"Saint-Flavien, QC",46.5167,-71.6000,22,712
"Vanderhoof, BC",54.0143,-124.0089,40,713
"St. Marys, ON",43.2583,-81.1333,57,714
"Saint-Leonard, NB",47.1625,-67.9250,51,715
"Oromocto, NB",45.8488,-66.4788,49,716
"Edmonton, AB",53.5344,-113.4903,53,717
"Saint-Valerien-de-Milton, QC",45.5667,-72.7167,26,718
"Wadena, SK",51.9458,-103.8014,37,719
"Saint-Damien-de-Buckland, QC",46.6333,-70.6667,38,720
"Nakusp, BC",50.2434,-117.8002,47,721
"Athens, ON",44.6250,-75.9500,14,722
"Dawn-Euphemia, ON",42.7000,-82.0167,21,723
"Melbourne, QC",45.5800,-72.1700,16,724
"Sainte-Catherine-de-la-Jacques-Cartier, QC",46.8500,-71.6167,54,725
"Metchosin, BC",48.3819,-123.5378,33,726
"St. Francois Xavier, MB",49.9903,-97.6722,52,727
"Otterburn Park, QC",45.5333,-73.2167,18,728
"Saint-Vallier, QC",46.8833,-70.8167,65,729
"Lac-Brome, QC",45.2167,-72.5167,78,730
"Saint James, NB",45.3822,-67.3427,53,731
"Saint-Honore, QC",48.5333,-71.0833,97,732
"Nanaimo, BC",49.1642,-123.9364,18,733
"Amherstburg, ON",42.1000,-83.0833,47,734
"Plympton-Wyoming, ON",43.0167,-82.0833,37,735
"Winnipeg, MB",49.8844,-97.1464,11,736
"Sainte-Justine, QC",46.4000,-70.3500,49,737
"Saint-Fulgence, QC",48.4500,-70.9000,83,738
"Castlegar, BC",49.3256,-117.6661,74,739
"East Gwillimbury, ON",44.1333,-79.4167,82,740
"Yamaska, QC",46.0236,-72.9391,76,741
"Lanark Highlands, ON",45.0880,-76.5170,39,742
"Saint-Elie-de-Caxton, QC",46.4833,-72.9667,93,743
"Oakview, MB",50.1964,-100.2167,77,744
"Saint-Ferreol-les-Neiges, QC",47.1167,-70.8500,27,745
"Pelican Narrows, SK",55.1883,-102.9342,87,746
"Picture Butte, AB",49.8731,-112.7800,35,747
"Bracebridge, ON",45.0333,-79.3000,51,748
"Trois-Rivieres, QC",46.3500,-72.5500,81,749
"Fort Saskatchewan, AB",53.7128,-113.2133,40,750
"Saint-Laurent-de-l'Ile-d'Orleans, QC",46.8667,-71.0167,22,751
"Chipman, NB",46.1710,-65.8840,84,752
"Altona, MB",49.1044,-97.5625,75,753
"Callander, ON",46.1781,-79.4125,49,754
"Saint Marys, NB",46.1748,-66.4897,13,755
"Sorel-Tracy, QC",46.0333,-73.1167,93,756
"Vercheres, QC",45.7833,-73.3500,82,757
"Gaspe, QC",48.8333,-64.4833,97,758
"Morin-Heights, QC",45.9000,-74.2500,88,759
"Dawson Creek, BC",55.7606,-120.2356,60,760
"Beaver River, SK",54.3531,-109.5575,41,761
"Sainte-Catherine-de-Hatley, QC",45.2500,-72.0500,21,762
"Kenora, ON",49.7667,-94.4833,46,763
"Grand Valley, ON",43.9500,-80.3667,96,764
"Saint-Patrice-de-Beaurivage, QC",46.4167,-71.2333,26,765
"La Pocatiere, QC",47.3667,-70.0333,38,766
"North Glengarry, ON",45.3333,-74.7333,27,767
"Saint-Tite, QC",46.7333,-72.5667,23,768
"Cantley, QC",45.5667,-75.7833,69,769
"Grand Bank, NL",47.1000,-55.7833,33,770
"Otonabee-South Monaghan, ON",44.2333,-78.2333,42,771
"Bristol, QC",45.5333,-76.4667,38,772
"Atikokan, ON",48.7500,-91.6167,68,773
"Lunenburg, NS",44.3833,-64.3167,58,774
"Pointe-Claire, QC",45.4500,-73.8167,91,775
"Elkford, BC",50.0214,-114.9158,78,776
"Flat Rock, NL",47.7086,-52.7144,66,777
"Mission, BC",49.1337,-122.3112,79,778
"Central Huron, ON",43.6300,-81.5700,29,779
"Amherst, NS",45.8167,-64.2167,13,780
"Roxton Falls, QC",45.5667,-72.5167,40,781
"Malahide, ON",42.7928,-80.9361,82,782
"Saint-Quentin, NB",47.5135,-67.3921,82,783
"Gibsons, BC",49.4028,-123.5036,55,784
"Mistassini, QC",48.8229,-72.2154,55,785
"Jasper, AB",52.9013,-118.1312,50,786
"Saint-Paulin, QC",46.4167,-73.0333,63,787
"Vancouver, BC",49.2500,-123.1000,14,788
"Markstay, ON",46.4912,-80.4717,30,789
"Cowansville, QC",45.2000,-72.7500,44,790
"North Cypress-Langford, MB",49.9969,-99.3982,43,791
"Saint-Louis-du-Ha! Ha!, QC",47.6700,-68.9800,89,792
"Elton, MB",49.9750,-99.8658,72,793
"Conception Bay South, NL",47.5167,-52.9833,22,794
"Saint-Eugene, QC",45.8000,-72.7000,70,795
"Admaston/Bromley, ON",45.5292,-76.8969,20,796
"Saint-Damien, QC",46.3300,-73.4800,39,797
"Sainte-Julie, QC",45.5833,-73.3333,19,798
"Saint-Jacques, QC",45.9500,-73.5667,68,799
"Saint-Georges-de-Cacouna, QC",47.9167,-69.5000,13,800
"Lantz, NS",44.9894,-63.4736,52,801
"Mississauga, ON",43.6000,-79.6500,18,802
"Vaudreuil-Dorion, QC",45.4000,-74.0333,57,803
"Saint-Isidore, QC",45.3000,-73.6800,64,804
"Blind River, ON",46.1833,-82.9500,61,805
"North Dumfries, ON",43.3200,-80.3800,23,806
"Baie-Comeau, QC",49.2167,-68.1500,11,807
"Plantagenet, ON",45.5321,-74.9956,43,808
"Riverdale, MB",49.9750,-100.2789,59,809
"Saint-Stanislas-de-Kostka, QC",45.1800,-74.1300,93,810
"Wilton No. 472, SK",53.1240,-109.7885,95,811
"Gravelbourg, SK",49.8740,-106.5550,60,812
"Pangnirtung, NU",66.1436,-65.6829,85,813
"South Algonquin, ON",45.4967,-78.0239,43,814
"North Cowichan, BC",48.8236,-123.7192,92,815
"Calmar, AB",53.2500,-113.7833,60,816
"Saint-Bruno-de-Montarville, QC",45.5333,-73.3500,92,817
"Malpeque, PE",46.5000,-63.6667,28,818
"Saint-Eustache, QC",45.5700,-73.9000,51,819
"Shippagan, NB",47.8557,-64.6012,17,820
"Saint-Prosper, QC",46.2167,-70.4833,47,821
"Nicolet, QC",46.2167,-72.6167,57,822
"Hamilton Township, ON",44.0540,-78.2164,16,823
"Candiac, QC",45.3800,-73.5200,59,824
"Blandford-Blenheim, ON",43.2333,-80.6000,70,825
"Chateauguay, QC",45.3800,-73.7500,51,826
"Southgate, ON",44.1000,-80.5833,49,827
"Maple Creek, SK",49.9167,-109.4667,75,828
"Ferme-Neuve, QC",46.7000,-75.4500,88,829
"St. Anthony, NL",51.3725,-55.5947,19,830
"L'Anse-Saint-Jean, QC",48.2333,-70.2000,69,831
"Cleveland, QC",45.6700,-72.0800,67,832
"Saint-Casimir, QC",46.6500,-72.1333,57,833
"Pessamit, QC",49.0485,-68.6814,81,834
"Channel-Port aux Basques, NL",47.5694,-59.1361,84,835
"Saugeen Shores, ON",44.4333,-81.3667,76,836
"Saint-Apollinaire, QC",46.6167,-71.5167,68,837
"Wabana, NL",47.6500,-52.9333,64,838
"Greenstone, ON",50.0000,-86.7333,84,839
"Mount Pearl Park, NL",47.5189,-52.8058,23,840
"Mahone Bay, NS",44.4489,-64.3819,63,841
"Boisbriand, QC",45.6200,-73.8300,71,842
"Russell, ON",45.2569,-75.3583,76,843
"Lappe, ON",48.5693,-89.3573,86,844
"Sainte-Marie, QC",46.4500,-71.0333,87,845
"Bonavista, NL",48.6597,-53.1208,63,846
"Saint-Aime-des-Lacs, QC",47.6833,-70.3000,82,847
"Acton Vale, QC",45.6500,-72.5667,63,848
"Toronto, ON",43.7417,-79.3733,96,849
"Saint-Aubert, QC",47.1833,-70.2167,72,850
"Dorval, QC",45.4500,-73.7500,94,851
"West Perth, ON",43.4700,-81.2000,83,852
"Richmond, QC",45.6667,-72.1500,64,853
"Elizabethtown-Kitley, ON",44.7000,-75.8833,68,854
"Manouane, QC",47.2091,-74.3833,11,855
"Uashat, QC",50.2330,-66.3947,33,856
"Saint-Joseph-de-Beauce, QC",46.3000,-70.8833,58,857
"Salisbury, NB",46.0776,-65.1996,20,858
"Saint David, NB",45.2918,-67.1983,25,859
"Point Edward, ON",42.9931,-82.4083,79,860
"Saint John, NB",45.2806,-66.0761,90,861
"Emerson-Franklin, MB",49.1333,-97.0331,76,862
"Saint-Charles, NB",46.6692,-65.0184,32,863
"Nipigon, ON",49.0153,-88.2683,99,864
"Cape Breton, NS",46.1389,-60.1931,43,865
"High Level, AB",58.5169,-117.1361,65,866
"Yorkton, SK",51.2139,-102.4628,63,867
"Lamont, AB",53.7603,-112.7778,61,868
"Inuvik, NT",68.3407,-133.6096,16,869
"Les Mechins, QC",49.0000,-66.9833,74,870
"Popkum, BC",49.1911,-121.7553,42,871
"Houston, BC",54.3975,-126.6419,54,872
"St.-Charles, ON",46.3422,-80.4497,48,873
"West St. Paul, MB",50.0119,-97.1150,38,874
"Bifrost-Riverton, MB",51.0603,-97.1436,83,875
"Saint-Antoine-sur-Richelieu, QC",45.7833,-73.1833,70,876
"Mont-Joli, QC",48.5800,-68.1800,43,877
"Ellice-Archie, MB",50.3239,-101.2729,53,878
"Cocagne, NB",46.3406,-64.6200,50,879
"La Minerve, QC",46.2500,-74.9333,60,880
"Eeyou Istchee Baie-James, QC",52.3382,-75.1977,85,881
"Saint-Bruno-de-Guigues, QC",47.4667,-79.4333,25,882
"Rouyn-Noranda, QC",48.2333,-79.0167,71,883
"Wilmot, ON",43.4000,-80.6500,91,884
"Coombs, BC",49.3008,-124.4049,98,885
"L'Ascension-de-Notre-Seigneur, QC",48.7000,-71.6833,32,886
"Saint-Anicet, QC",45.1200,-74.3500,67,887
"Mitchell, MB",49.5363,-96.7634,37,888
"Saint-Claude, QC",45.6667,-71.9833,83,889
"Pitt Meadows, BC",49.2333,-122.6833,70,890
"Baie-d'Urfe, QC",45.4167,-73.9167,73,891
"Sainte-Angele-de-Monnoir, QC",45.3833,-73.1000,22,892
"Armstrong, ON",47.7083,-79.8250,97,893
"New Carlisle, QC",48.0167,-65.3333,27,894
"Magrath, AB",49.4239,-112.8683,82,895
"North Grenville, ON",44.9667,-75.6500,31,896
"Prince Rupert, BC",54.3122,-130.3271,97,897
"Saint-Cyprien-de-Napierville, QC",45.1833,-73.4167,69,898
"city_ascii, province_id",lat,lng,47,899
"Saint-Jacques-le-Mineur, QC",45.2833,-73.4167,29,900
"Cold Lake, AB",54.4642,-110.1825,45,901
"Grande Cache, AB",53.8773,-119.1199,75,902
"Perry, ON",45.5000,-79.2833,24,903
"Kingsclear, NB",45.8796,-66.8695,87,904
"Amos, QC",48.5667,-78.1167,70,905
"Saint-Bruno, QC",48.4667,-71.6500,21,906
"Saint-Odilon-de-Cranbourne, QC",46.3667,-70.6833,37,907
"Qualicum Beach, BC",49.3500,-124.4333,64,908
"Pohenegamook, QC",47.4667,-69.2167,50,909
"Clarenville, NL",48.1566,-53.9650,73,910
"Tecumseh, ON",42.2431,-82.9256,11,911
"Riviere-Beaudette, QC",45.2333,-74.3333,20,912
"Clarington, ON",43.9350,-78.6083,58,913
"Saint-Arsene, QC",47.9167,-69.4333,23,914
"Oshawa, ON",43.9000,-78.8500,51,915
"Mirabel, QC",45.6500,-74.0833,87,916
"Sainte-Martine, QC",45.2500,-73.8000,65,917
"Grunthal, MB",49.4065,-96.8603,94,918
"L'Assomption, QC",45.8333,-73.4167,47,919
"Sainte-Marguerite, QC",46.5167,-70.9333,94,920
"Reinland, MB",49.1331,-97.5942,59,921
"Fogo Island, NL",49.6667,-54.1833,52,922
"Springfield, MB",49.9292,-96.6939,17,923
"Hebertville, QC",48.4000,-71.6833,89,924
"Saint-Ambroise, QC",48.5500,-71.3333,84,925
"Brant, ON",43.1167,-80.3667,21,926
"Dieppe, NB",46.0989,-64.7242,36,927
"Waldheim, SK",52.6500,-106.6167,85,928
"Beaubassin East / Beaubassin-est, NB",46.1726,-64.3122,99,929
"Saint-Joseph-du-Lac, QC",45.5333,-74.0000,92,930
"Deep River, ON",46.1000,-77.4917,66,931
"Plessisville, QC",46.2167,-71.7833,74,932
"Norton, NB",45.6387,-65.6955,19,933
"Landmark, MB",49.6711,-96.8179,14,934
"Rothesay, NB",45.3831,-65.9969,10,935
"Beaupre, QC",47.0500,-70.9000,67,936
"Whitecourt, AB",54.1417,-115.6833,67,937
"Sparwood, BC",49.7331,-114.8853,87,938
"Saint-Agapit, QC",46.5667,-71.4333,60,939
"Bertrand, NB",47.7622,-65.0686,93,940
"Halifax, NS",44.6475,-63.5906,32,941
"Falher, AB",55.7372,-117.2014,89,942
"Saint-Anselme, QC",46.6333,-70.9667,12,943
"Saint-Felix-de-Kingsey, QC",45.8000,-72.1833,13,944
"Portneuf, QC",46.7000,-71.8833,66,945
"Upham, NB",45.5083,-65.6618,31,946
"Unity, SK",52.4333,-109.1667,51,947
"Grand Manan, NB",44.6900,-66.8200,85,948
"Asbestos, QC",45.7667,-71.9333,44,949
"L'Ange-Gardien, QC",45.5833,-75.4500,96,950
"Neguac, NB",47.2333,-65.0500,36,951
"Pontiac, QC",45.5833,-76.1333,33,952
"Pond Inlet, NU",72.6808,-77.7503,75,953
"Stonewall, MB",50.1344,-97.3261,73,954
"Saint-Liboire, QC",45.6500,-72.7667,72,955
"Prairie View, MB",50.3304,-100.9803,38,956
"Les Coteaux, QC",45.2800,-74.2300,34,957
"Magog, QC",45.2667,-72.1500,28,958
"Saint-Leonard-de-Portneuf, QC",46.8833,-71.9167,65,959
"Marieville, QC",45.4333,-73.1667,98,960
"Sainte-Catherine, QC",45.4000,-73.5800,53,961
"Saint-Cuthbert, QC",46.1500,-73.2333,64,962
"Alonsa, MB",50.9794,-99.0796,26,963
"Welland, ON",42.9833,-79.2333,30,964
"Bassano, AB",50.7833,-112.4667,46,965
"Happy Valley, NL",53.3396,-60.4467,17,966
"Lake of Bays, ON",45.3043,-79.0180,55,967
"Port-Cartier, QC",50.0333,-66.8667,80,968
"Baie-Saint-Paul, QC",47.4500,-70.5000,42,969
"Fruitvale, BC",49.1161,-117.5414,42,970
"Brockville, ON",44.5833,-75.6833,52,971
"Blackfalds, AB",52.3833,-113.8000,77,972
"Davidson, SK",51.2667,-105.9667,58,973
"Wotton, QC",45.7333,-71.8000,89,974
"One Hundred Mile House, BC",51.6413,-121.3127,46,975
"Clanwilliam-Erickson, MB",50.5061,-99.8156,75,976
"Deschambault, QC",46.6436,-72.0236,11,977
"Battle River No. 438, SK",52.7343,-108.4452,43,978
"Placentia, NL",47.2458,-53.9611,30,979
"Morden, MB",49.1919,-98.1006,33,980
"Gilbert Plains, MB",51.1547,-100.4381,77,981
"Lac-Superieur, QC",46.2000,-74.4667,13,982
"La Loche, SK",56.4833,-109.4333,39,983
"Cartier, MB",49.9161,-97.7000,12,984
"Warwick, ON",43.0000,-81.8917,40,985
"Vegreville, AB",53.4928,-112.0522,16,986
"West Interlake, MB",50.9837,-98.3572,74,987
"Springfield, NB",45.7005,-65.8079,73,988
"Bayfield, ON",43.5615,-81.6983,40,989
"Powell River, BC",49.8353,-124.5247,17,990
"Mapleton, ON",43.7358,-80.6681,89,991
"Chestermere, AB",51.0500,-113.8225,73,992
"Adjala-Tosorontio, ON",44.1333,-79.9333,99,993
"Bathurst, NB",47.6200,-65.6500,89,994
"Swan Hills, AB",54.7106,-115.4133,14,995
"Saskatoon, SK",52.1333,-106.6833,96,996
"Taylor, BC",56.1590,-120.6878,32,997
"Vallee-Jonction, QC",46.3667,-70.9167,54,998
"Shellbrook, SK",53.2167,-106.4000,21,999
"New-Wes-Valley, NL",49.1500,-53.5833,46,1000
"Breslau, ON",43.4816,-80.4080,90,1001
"Notre-Dame-du-Mont-Carmel, QC",46.4833,-72.6500,96,1002
"Kawartha Lakes, ON",44.3500,-78.7500,19,1003
"Blumenort, MB",49.6033,-96.7006,37,1004
"Maple Ridge, BC",49.2167,-122.6000,95,1005
"Muskoka Falls, ON",45.1264,-79.5580,13,1006
"Bonnyville, AB",54.2667,-110.7500,77,1007
"Red Lake, ON",51.0333,-93.8333,26,1008
"Saint-Ubalde, QC",46.7500,-72.2667,46,1009
"Estevan, SK",49.1392,-102.9861,30,1010
"Olds, AB",51.7928,-114.1067,75,1011
"Saint-Gedeon, QC",48.5000,-71.7667,31,1012
"Crossfield, AB",51.4333,-114.0333,22,1013
"Canora, SK",51.6339,-102.4369,52,1014
"Nisga'a, BC",55.1078,-129.4293,43,1015
"Saint-Stanislas, QC",46.6167,-72.4000,64,1016
"Saint-Anaclet-de-Lessard, QC",48.4800,-68.4200,54,1017
"Saint-Clet, QC",45.3500,-74.2200,61,1018
"Sicamous, BC",50.8378,-118.9703,90,1019
"Penticton, BC",49.4911,-119.5886,19,1020
"Thames Centre, ON",43.0300,-81.0800,13,1021
"Saint-Ignace-de-Loyola, QC",46.0667,-73.1333,23,1022
"Biggar, SK",52.0590,-107.9790,85,1023
"Swan River, MB",52.1058,-101.2667,59,1024
"Manning, AB",56.9142,-117.6272,70,1025
"Melita, MB",49.2681,-100.9958,47,1026
"Wolfville, NS",45.0833,-64.3667,45,1027
"Parry Sound, ON",45.3333,-80.0333,13,1028
"Wellington, ON",43.9579,-77.3534,73,1029
"Sables-Spanish Rivers, ON",46.2333,-82.0000,68,1030
"Saint-Donat, QC",46.3167,-74.2167,32,1031
"Rawdon, QC",46.0500,-73.7167,14,1032
"Scugog, ON",44.0900,-78.9360,55,1033
"Pennfield Ridge, NB",45.1924,-66.6858,55,1034
"Falmouth, NS",44.9967,-64.1634,95,1035
"Montreal, QC",45.5089,-73.5617,33,1036
"Ashfield-Colborne-Wawanosh, ON",43.8667,-81.6000,87,1037
"Sainte-Anne-de-Sorel, QC",46.0500,-73.0667,34,1038
"Carleton Place, ON",45.1333,-76.1333,15,1039
"Austin, QC",45.1833,-72.2833,45,1040
"Sackville, NB",45.9000,-64.3667,90,1041
"Carlyle, SK",49.6333,-102.2667,71,1042
"Quebec City, QC",46.8139,-71.2081,92,1043
"Deseronto, ON",44.2000,-77.0500,40,1044
"St. Albert, AB",53.6303,-113.6258,73,1045
"Gimli, MB",50.6619,-97.0297,58,1046
"Southesk, NB",46.9901,-66.4336,18,1047
"Saint-Ours, QC",45.8833,-73.1500,15,1048
"Rocky Mountain House, AB",52.3753,-114.9217,21,1049
"Pointe-aux-Outardes, QC",49.0500,-68.4333,96,1050
"Compton, QC",45.2333,-71.8167,71,1051
"Albanel, QC",48.8833,-72.4500,19,1052
"Coaticook, QC",45.1333,-71.8000,74,1053
"Ajax, ON",43.8583,-79.0364,50,1054
"Strathmore, AB",51.0378,-113.4003,58,1055
"Saint-Urbain-Premier, QC",45.2200,-73.7300,99,1056
"Charlemagne, QC",45.7167,-73.4833,85,1057
"Vaughan, ON",43.8333,-79.5000,88,1058
"Mansfield-et-Pontefract, QC",45.8611,-76.7392,44,1059
"Labrador City, NL",52.9500,-66.9167,52,1060
"Oro-Medonte, ON",44.5667,-79.5833,51,1061
"Saint-Etienne-des-Gres, QC",46.4333,-72.7667,10,1062
"St. Lawrence, NL",46.9244,-55.3928,24,1063
"Kelsey, MB",53.7356,-101.3950,12,1064
"Saint-Francois-de-la-Riviere-du-Sud, QC",46.8833,-70.7167,11,1065
"Peterborough, ON",44.3000,-78.3167,40,1066
"White Rock, BC",49.0250,-122.8028,93,1067
"Crabtree, QC",45.9667,-73.4667,14,1068
"Gold River, BC",49.7769,-126.0514,22,1069
"Burlington, ON",43.3167,-79.8000,66,1070
"Belledune, NB",47.9000,-65.8167,32,1071
"Donnacona, QC",46.6747,-71.7294,25,1072
"Abbotsford, BC",49.0500,-122.3167,50,1073
"St. George, NB",45.1333,-66.8167,89,1074
"Sainte-Sabine, QC",45.2333,-73.0167,48,1075
"Rossland, BC",49.0786,-117.7992,45,1076
"Bradford West Gwillimbury, ON",44.1333,-79.6333,34,1077
"Kensington, PE",46.4333,-63.6500,85,1078
"Montmagny, QC",46.9833,-70.5500,86,1079
"Saint-Gabriel-de-Valcartier, QC",46.9333,-71.4667,76,1080
"Roxton-Sud, QC",45.5521,-72.5265,81,1081
"Neebing, ON",48.1833,-89.4667,80,1082
"Dorchester, NB",45.9016,-64.5161,97,1083
"Magnetawan, ON",45.6667,-79.6333,51,1084
"Amulet, QC",48.2938,-79.0274,56,1085
"Mackenzie, BC",55.3381,-123.0944,78,1086
"Saint-Robert, QC",45.9667,-73.0000,45,1087
"Springwater, ON",44.4333,-79.7333,13,1088
"Innisfil, ON",44.3000,-79.5833,53,1089
"Adstock, QC",46.0500,-71.0800,44,1090
"Cranbrook, BC",49.5097,-115.7667,91,1091
"Trinity Bay North, NL",48.4978,-53.0860,63,1092
"Saint-Urbain, QC",47.5500,-70.5333,48,1093
"Bury, QC",45.4667,-71.5000,30,1094
"Errington, BC",49.2874,-124.3433,32,1095
"The Blue Mountains, ON",44.4833,-80.3833,35,1096
"Botwood, NL",49.1500,-55.3667,50,1097
"Lakeshore, ON",42.2399,-82.6511,21,1098
"Torch River No. 488, SK",53.5445,-104.4619,70,1099
"Balmoral, NB",47.9667,-66.4500,35,1100
"Pictou, NS",45.6814,-62.7119,70,1101
"Westmount, QC",45.4833,-73.6000,96,1102
"Upper Miramichi, NB",46.5254,-66.2085,81,1103
"Regina, SK",50.4547,-104.6067,50,1104
"Waskaganish, QC",51.3674,-78.7069,88,1105
"Timmins, ON",48.4667,-81.3333,78,1106
"Fort Smith, NT",60.0260,-112.0821,14,1107
"McNab/Braeside, ON",45.4500,-76.5000,60,1108
"Hudson Hope, BC",56.0316,-121.9057,54,1109
"Dunham, QC",45.1333,-72.8000,66,1110
"Waterloo, QC",45.3500,-72.5167,74,1111
"Mont-Laurier, QC",46.5500,-75.5000,99,1112
"Saint-Maxime-du-Mont-Louis, QC",49.2333,-65.7333,64,1113
"Langenburg, SK",50.8333,-101.7000,60,1114
"McAdam, NB",45.5944,-67.3258,85,1115
"Maliotenam, QC",50.2114,-66.1911,26,1116
"Shuniah, ON",48.5833,-88.8333,36,1117
"West Grey, ON",44.1833,-80.8167,25,1118
"North Stormont, ON",45.2167,-75.0000,73,1119
"Aurora, ON",44.0000,-79.4667,20,1120
"Lethbridge, AB",49.6942,-112.8328,77,1121
"Lacombe, AB",52.4683,-113.7369,35,1122
"North Huron, ON",43.8300,-81.4200,67,1123
"Wilkie, SK",52.4167,-108.7000,47,1124
"Weedon-Centre, QC",45.7000,-71.4667,41,1125
"Cedar, BC",49.0853,-123.8259,78,1126
"Bishops Falls, NL",49.0167,-55.5167,54,1127
"Canmore, AB",51.0890,-115.3590,72,1128
"Vernon, BC",50.2670,-119.2720,23,1129
"Coldwell, MB",50.6389,-98.0417,96,1130
"Beauceville, QC",46.2000,-70.7833,79,1131
"Saint-Antonin, QC",47.7667,-69.4833,17,1132
"Lanigan, SK",51.8500,-105.0333,91,1133
"Richmond, BC",49.1667,-123.1333,42,1134
"Coalhurst, AB",49.7457,-112.9319,65,1135
"Hastings Highlands, ON",45.2333,-77.9333,80,1136
"Chetwynd, BC",55.6972,-121.6333,22,1137
"Saint-Edouard, QC",45.2333,-73.5167,77,1138
"Trent Hills, ON",44.3142,-77.8514,21,1139
"Beauharnois, QC",45.3200,-73.8700,67,1140
"Terrace Bay, ON",48.8000,-87.1000,88,1141
"Westville, NS",45.5500,-62.7000,72,1142
"Greenwich, NB",45.5112,-66.1229,21,1143
"Sainte-Marie-Salome, QC",45.9333,-73.5000,97,1144
"Rimouski, QC",48.4500,-68.5300,86,1145
"Georgina, ON",44.3000,-79.4333,76,1146
"Rankin Inlet, NU",62.8300,-92.1321,59,1147
"Boucherville, QC",45.6000,-73.4500,60,1148
"Cambridge, ON",43.3972,-80.3114,40,1149
"Lajord No. 128, SK",50.1965,-104.2507,14,1150
"North Kawartha, ON",44.7500,-78.1000,63,1151
"Saint-Cyprien, QC",47.9000,-69.0167,89,1152
"Two Borders, MB",49.2668,-101.1124,96,1153
"Arnprior, ON",45.4333,-76.3500,71,1154
"Weyburn, SK",49.6611,-103.8525,78,1155
"Chapais, QC",49.7819,-74.8544,94,1156
"Coaldale, AB",49.7333,-112.6167,43,1157
"Rosetown, SK",51.5500,-107.9833,21,1158
"Woolwich, ON",43.5667,-80.4833,15,1159
"Frontenac Islands, ON",44.2000,-76.3833,84,1160
"Labrecque, QC",48.6667,-71.5333,53,1161
"Puslinch, ON",43.4500,-80.1667,65,1162
"Sainte-Lucie-des-Laurentides, QC",46.1300,-74.1800,31,1163
"La Macaza, QC",46.3667,-74.7667,53,1164
"Ramara, ON",44.6333,-79.2167,52,1165
"Windermere, BC",50.4856,-115.9948,49,1166
"Huron-Kinloss, ON",44.0500,-81.5333,61,1167
"Saint-Felix-de-Valois, QC",46.1700,-73.4300,28,1168
"Mervin No. 499, SK",53.5455,-108.8762,11,1169
"Chester, NS",44.6500,-64.3000,67,1170
"Parrsboro, NS",45.3998,-64.3312,26,1171
"Charlottetown, PE",46.2403,-63.1347,54,1172
"Innisfail, AB",52.0333,-113.9500,78,1173
"Saint-Pie, QC",45.5000,-72.9000,80,1174
"North Dundas, ON",45.0833,-75.3500,50,1175
"New Westminster, BC",49.2069,-122.9111,68,1176
"Okotoks, AB",50.7250,-113.9750,31,1177
"Bromont, QC",45.3167,-72.6500,79,1178
"Kapuskasing, ON",49.4167,-82.4333,42,1179
"Miramichi, NB",47.0196,-65.5072,87,1180
"Centre Wellington, ON",43.7000,-80.3667,75,1181
"Goderich, ON",43.7333,-81.7000,74,1182
"Saint-Remi, QC",45.2667,-73.6167,35,1183
"Glovertown, NL",48.6667,-54.0500,29,1184
"Florenceville, NB",46.4435,-67.6152,75,1185
"Fort Qu'Appelle, SK",50.7667,-103.7833,73,1186
"Laurier-Station, QC",46.5333,-71.6333,18,1187
"Antigonish, NS",45.6167,-61.9833,52,1188
"Cobalt, ON",47.4000,-79.6833,52,1189
"Southampton, NB",46.0789,-67.3124,10,1190
"Renfrew, ON",45.4717,-76.6831,94,1191
"East Ferris, ON",46.2667,-79.3000,57,1192
"Windsor, NS",44.9803,-64.1292,90,1193
"Kitchener, ON",43.4186,-80.4728,85,1194
"Markham, ON",43.8767,-79.2633,96,1195
"Alnwick, NB",47.2656,-65.2292,26,1196
"Lac du Bonnet, MB",50.2577,-96.1209,60,1197
"Notre-Dame-de-Lourdes, QC",46.1000,-73.4333,78,1198
"Winnipeg Beach, MB",50.5058,-96.9742,72,1199
"Corman Park No. 344, SK",52.2291,-106.8002,75,1200
"Oak Bay, BC",48.4264,-123.3228,18,1201
"Saint-Zenon, QC",46.5500,-73.8167,58,1202
"Tofield, AB",53.3703,-112.6667,76,1203
"Chatham, ON",42.4229,-82.1324,46,1204
"Anmore, BC",49.3144,-122.8564,38,1205
"Saint-Elzear, QC",46.4000,-71.0667,52,1206
"Thunder Bay, ON",48.3822,-89.2461,46,1207
"Hampstead, QC",45.4833,-73.6333,58,1208
"Victoria, BC",48.4283,-123.3647,39,1209
"L'Isle-aux-Coudres, QC",47.4000,-70.3833,96,1210
"Peace River, AB",56.2339,-117.2897,32,1211
"Thetford Mines, QC",46.1000,-71.3000,49,1212
"Kindersley, SK",51.4678,-109.1567,99,1213
"Temiscouata-sur-le-Lac, QC",47.6800,-68.8800,34,1214
"Saint-Hugues, QC",45.8000,-72.8667,28,1215
"Labelle, QC",46.2833,-74.7333,77,1216
"Saint-Ephrem-de-Beauce, QC",46.0516,-70.9374,85,1217
"Saint-Gabriel-de-Brandon, QC",46.2667,-73.3833,51,1218
"Warfield, BC",49.0953,-117.7344,42,1219
"Maidstone, SK",53.0920,-109.2940,62,1220
"Sacre-Coeur-Saguenay, QC",48.2479,-69.8540,43,1221
"Saint-Narcisse, QC",46.5667,-72.4667,86,1222
"Lloydminster, SK",53.2783,-110.0050,54,1223
"Cardwell, NB",45.7848,-65.3037,55,1224
"Howick, ON",43.9000,-81.0700,80,1225
"Sainte-Anne-de-Bellevue, QC",45.4039,-73.9525,65,1226
"Foam Lake, SK",51.6500,-103.5333,25,1227
"Kindersley No. 290, SK",51.4894,-109.0979,30,1228
"Chapleau, ON",47.8333,-83.4000,75,1229
"Saint-Jerome, QC",45.7833,-74.0000,25,1230
"Barrhead, AB",54.1167,-114.4000,73,1231
"Redwater, AB",53.9489,-113.1067,74,1232
"Laurentian Hills, ON",46.1333,-77.5500,14,1233
"Hanover, MB",49.4433,-96.8492,47,1234
"Laurierville, QC",46.3000,-71.6500,76,1235
"Hudson Bay, SK",52.8510,-102.3920,64,1236
"Rigaud, QC",45.4833,-74.3000,82,1237
"Saint-Chrysostome, QC",45.1000,-73.7667,12,1238
"Souris, PE",46.3554,-62.2542,54,1239
"Terrebonne, QC",45.7000,-73.6333,16,1240
"Notre-Dame-de-l'Ile-Perrot, QC",45.3667,-73.9333,65,1241
"Lac-au-Saumon, QC",48.4167,-67.3500,33,1242
"Papineau-Cameron, ON",46.3000,-78.7333,91,1243
"Stanley, MB",49.1331,-98.0656,21,1244
"Saint-Joachim-de-Shefford, QC",45.4500,-72.5333,43,1245
"Farnham, QC",45.2833,-72.9833,60,1246
"Saint-Norbert, QC",46.1667,-73.3167,28,1247
"Grand Forks, BC",49.0333,-118.4400,70,1248
"Sainte-Adele, QC",45.9500,-74.1300,46,1249
"Esterhazy, SK",50.6500,-102.0667,37,1250
"Edmundston, NB",47.3765,-68.3253,82,1251
"Behchoko, NT",62.8184,-115.9933,77,1252
"Rogersville, NB",46.7167,-65.4167,12,1253
"Hemmingford, QC",45.0833,-73.5833,26,1254
"Swan Valley West, MB",51.9978,-101.3944,31,1255
"Sorrento, BC",50.8832,-119.4782,18,1256
"Fernie, BC",49.5042,-115.0628,67,1257
"Highlands East, ON",44.9667,-78.2500,98,1258
"West Elgin, ON",42.5833,-81.6667,12,1259
"Eston, SK",51.1500,-108.7500,82,1260
"Saint-Martin, QC",45.9667,-70.6500,22,1261
"Ethelbert, MB",51.5364,-100.4981,82,1262
"Morris, MB",49.3986,-97.4592,62,1263
"Kippens, NL",48.5492,-58.6236,68,1264
"Saint-Valere, QC",46.0667,-72.1000,72,1265
"Saint-Hyacinthe, QC",45.6167,-72.9500,15,1266
"Richmond, NB",46.0776,-67.7248,85,1267
"Lloydminster, AB",53.2807,-110.0350,82,1268
"Fermont, QC",52.7833,-67.0833,34,1269
"South Huron, ON",43.3200,-81.5000,43,1270
"Sault Ste. Marie, ON",46.5333,-84.3500,87,1271
"Gananoque, ON",44.3300,-76.1700,98,1272
"Merritt, BC",50.1128,-120.7897,12,1273
"Banff, AB",51.1781,-115.5719,43,1274
"Oakville, ON",43.4500,-79.6833,24,1275
"Nipissing, ON",46.0500,-79.5500,95,1276
"Woodstock, NB",46.1522,-67.5983,51,1277
"Saint-Frederic, QC",46.3000,-70.9667,43,1278
"West Lincoln, ON",43.0667,-79.5667,71,1279
"Frontenac, QC",45.5800,-70.8300,56,1280
"Trecesson, QC",48.6500,-78.3167,37,1281
"Minto-Odanah, MB",50.2406,-99.8056,55,1282
"Nipawin, SK",53.3572,-104.0192,37,1283
"La Presentation, QC",45.6667,-73.0500,39,1284
"Saint-Lazare-de-Bellechasse, QC",46.6500,-70.8000,27,1285
"Pointe-des-Cascades, QC",45.3333,-73.9667,94,1286
"Riding Mountain West, MB",50.8347,-101.0961,28,1287
"Bonaventure, QC",48.0500,-65.4833,35,1288
"Beausejour, MB",50.0622,-96.5161,46,1289
"Victoria, MB",49.6644,-98.9153,40,1290
"Spruce Grove, AB",53.5450,-113.9008,22,1291
"Palmarolle, QC",48.6667,-79.2000,37,1292
"Strathroy-Caradoc, ON",42.9575,-81.6167,53,1293
"Sainte-Julienne, QC",45.9700,-73.7200,26,1294
"Ile-a-la-Crosse, SK",55.4500,-107.8833,66,1295
"Fort Macleod, AB",49.7256,-113.3975,24,1296
"Tache, MB",49.7081,-96.6736,81,1297
"Mont-Orford, QC",45.3661,-72.1838,98,1298
"Kitimat, BC",54.0000,-128.7000,38,1299
"Val-des-Monts, QC",45.6500,-75.6667,91,1300
"Saint-Mathieu, QC",45.3167,-73.5164,94,1301
"Alfred and Plantagenet, ON",45.5667,-74.9167,36,1302
"Carbonear, NL",47.7375,-53.2294,51,1303
"North Perth, ON",43.7300,-80.9500,53,1304
"Burin, NL",47.0500,-55.1800,52,1305
"Prescott, ON",44.7167,-75.5167,85,1306
"Ripon, QC",45.7833,-75.1000,98,1307
"Saint-Pacome, QC",47.4000,-69.9500,47,1308
"Saint-Dominique, QC",45.5667,-72.8500,12,1309
"Saint-Narcisse-de-Beaurivage, QC",46.4833,-71.2333,17,1310
"Crowsnest Pass, AB",49.5955,-114.5136,73,1311
"Saint Martins, NB",45.4563,-65.4395,85,1312
"Stony Plain, AB",53.5264,-114.0069,25,1313
"Fortune, NL",47.0733,-55.8217,40,1314
"Riviere-du-Loup, QC",47.8333,-69.5333,47,1315
"Riverview, NB",46.0613,-64.8052,74,1316
"St. Thomas, ON",42.7750,-81.1833,28,1317
"Estevan No. 5, SK",49.1308,-103.0126,26,1318
"Kedgwick, NB",47.6456,-67.3431,36,1319
"Holyrood, NL",47.3833,-53.1333,54,1320
"Redcliff, AB",50.0792,-110.7783,70,1321
"Horton, ON",45.5000,-76.6667,71,1322
"Whitby, ON",43.8833,-78.9417,48,1323
"Pinawa, MB",50.1707,-95.9547,35,1324
"Slave Lake, AB",55.2853,-114.7706,36,1325
"Lac-des-Ecorces, QC",46.5500,-75.3500,80,1326
"Telkwa, BC",54.6972,-127.0500,77,1327
"Kingsville, ON",42.1000,-82.7167,21,1328
"Potton, QC",45.0833,-72.3667,23,1329
"Grand Bay-Westfield, NB",45.3608,-66.2415,92,1330
"Perce, QC",48.5333,-64.2167,70,1331
"Boissevain, MB",49.1779,-100.0955,44,1332
"Halton Hills, ON",43.6300,-79.9500,19,1333
"Val-David, QC",46.0300,-74.2200,75,1334
"Wicklow, NB",46.5017,-67.7067,78,1335
"Regina Beach, SK",50.7900,-104.9900,89,1336
"Watrous, SK",51.6841,-105.4661,28,1337
"Kent, NB",46.6221,-67.2953,10,1338
"Summerside, PE",46.4000,-63.7833,59,1339
"Oxbow, SK",49.2333,-102.1667,57,1340
"Thurso, QC",45.5969,-75.2433,44,1341
"Mont-Carmel, QC",47.4397,-69.8586,99,1342
"Yamaska-Est, QC",46.0000,-72.9200,22,1343
"Kamloops, BC",50.6761,-120.3408,91,1344
"Herbertville, QC",48.3473,-71.6784,81,1345
"Sainte-Marcelline-de-Kildare, QC",46.1167,-73.6000,15,1346
"St. Laurent, MB",50.4300,-97.7933,35,1347
"Notre-Dame-des-Prairies, QC",46.0500,-73.4333,12,1348
"Brighton, ON",44.1222,-77.7642,55,1349
"Tillsonburg, ON",42.8667,-80.7333,18,1350
"Victoriaville, QC",46.0500,-71.9667,26,1351
"Montreal-Est, QC",45.6300,-73.5200,95,1352
"Brigham, QC",45.2500,-72.8500,76,1353
"Strong, ON",45.7500,-79.4000,42,1354
"Franklin Centre, QC",45.0467,-73.9005,34,1355
"Sainte-Croix, QC",46.6200,-71.7300,17,1356
"Saint-Modeste, QC",47.8333,-69.4000,43,1357
"The Pas, MB",53.8250,-101.2533,76,1358
"Dutton/Dunwich, ON",42.6667,-81.5000,66,1359
"Salluit, QC",62.2013,-75.6337,82,1360
"Ste. Anne, MB",49.6186,-96.5708,59,1361
"Sainte-Helene-de-Bagot, QC",45.7333,-72.7333,29,1362
"Blucher, SK",52.0134,-106.2176,77,1363
"Melville, SK",50.9306,-102.8078,28,1364
"Chatsworth, ON",44.3800,-80.8700,37,1365
"Saint-Leonard-d'Aston, QC",46.1000,-72.3667,73,1366
"Napierville, QC",45.1833,-73.4000,17,1367
"Bonfield, ON",46.2167,-79.1333,75,1368
"Youbou, BC",48.8562,-124.1731,98,1369
"Ootischenia, BC",49.2916,-117.6323,46,1370
"Medicine Hat, AB",50.0417,-110.6775,26,1371
"Quispamsis, NB",45.4322,-65.9462,74,1372
"Lacolle, QC",45.0833,-73.3667,48,1373
"Vermilion, AB",53.3542,-110.8528,65,1374
"Lavaltrie, QC",45.8833,-73.2833,18,1375
"Bridgewater, NS",44.3700,-64.5200,24,1376
"Chambord, QC",48.4333,-72.0667,44,1377
"Bruederheim, AB",53.8042,-112.9278,45,1378
"Cowichan Bay, BC",48.7666,-123.6743,91,1379
"Windsor, ON",42.2833,-83.0000,51,1380
"Richelieu, QC",45.4500,-73.2500,43,1381
"Douro-Dummer, ON",44.4500,-78.1000,51,1382
"Saint-Gabriel, QC",46.3000,-73.3833,37,1383
"Wallace-Woodworth, MB",49.9156,-100.9389,50,1384
"Saint-Ambroise-de-Kildare, QC",46.0833,-73.5500,77,1385
"Sainte-Therese, QC",45.6333,-73.8500,46,1386
"Centreville, NS",45.1300,-64.5224,70,1387
"Spallumcheen, BC",50.4462,-119.2121,48,1388
"Port Hawkesbury, NS",45.6153,-61.3642,98,1389
"Saint-Christophe-d'Arthabaska, QC",46.0333,-71.8833,37,1390
"Wedgeport, NS",43.7323,-65.9797,62,1391
"Notre-Dame-du-Bon-Conseil, QC",46.0000,-72.3500,77,1392
"North Algona Wilberforce, ON",45.6167,-77.2000,85,1393
"Saint-Nazaire, QC",48.5833,-71.5333,90,1394
"Sainte-Anne-de-Sabrevois, QC",45.2000,-73.2167,78,1395
"Roland, MB",49.3547,-97.8997,98,1396
"Merrickville, ON",44.8539,-75.8269,98,1397
"Ragueneau, QC",49.0667,-68.5333,17,1398
"Drummondville, QC",45.8833,-72.4833,52,1399
"Grenfell, SK",50.4167,-102.9167,38,1400
"Chandler, QC",48.3500,-64.6833,63,1401
"Owen Sound, ON",44.5667,-80.9333,24,1402
"Coteau-du-Lac, QC",45.3000,-74.1800,48,1403
"Beachburg, ON",45.7303,-76.8559,81,1404
"St. John's, NL",47.4817,-52.7971,35,1405
"Hudson, QC",45.4500,-74.1500,44,1406
"Saint-Barnabe, QC",46.4000,-72.8833,79,1407
"Morris-Turnberry, ON",43.8500,-81.2500,16,1408
"Trail, BC",49.0950,-117.7100,26,1409
"Saint-Michel, QC",45.2333,-73.5667,60,1410
"Matagami, QC",49.7500,-77.6333,28,1411
"Saint-Sulpice, QC",45.8333,-73.3500,32,1412
"Logan Lake, BC",50.4911,-120.8153,23,1413
"Sainte-Anne-des-Plaines, QC",45.7617,-73.8204,73,1414
"Dollard-des-Ormeaux, QC",45.4833,-73.8167,56,1415
"Mercier, QC",45.3200,-73.7500,24,1416
"Clarence-Rockland, ON",45.4833,-75.2000,46,1417
"South Glengarry, ON",45.2000,-74.5833,98,1418
"Nobleford, AB",49.8822,-113.0531,80,1419
"Port Alberni, BC",49.2339,-124.8050,35,1420
"Hillsburgh, ON",43.7914,-80.1354,54,1421
"Matane, QC",48.8500,-67.5333,19,1422
"Port Hope, ON",43.9500,-78.3000,61,1423
"Courtenay, BC",49.6878,-124.9944,13,1424
"Saint-Polycarpe, QC",45.3000,-74.3000,19,1425
"Bentley, AB",52.4667,-114.0500,21,1426
"Wynyard, SK",51.7667,-104.1833,61,1427
"Prince Albert No. 461, SK",53.1089,-105.6574,88,1428
"Osoyoos, BC",49.0325,-119.4661,46,1429
"Pipestone, MB",49.6653,-101.1444,58,1430
"Sexsmith, AB",55.3508,-118.7825,42,1431
"Perth, ON",44.9000,-76.2500,28,1432
"Hindon Hill, ON",44.9333,-78.7333,53,1433
"Harbour Breton, NL",47.4833,-55.8333,85,1434
"Saint-Sylvestre, QC",46.3667,-71.2333,97,1435
"Nauwigewauk, NB",45.4812,-65.8738,39,1436
"Centreville-Wareham-Trinity, NL",48.9879,-53.9069,28,1437
"Moose Jaw No. 161, SK",50.4433,-105.5091,98,1438
"Dysart et al, ON",45.2042,-78.4047,19,1439
"Ingersoll, ON",43.0392,-80.8836,40,1440
"McDougall, ON",45.4500,-80.0167,89,1441
"Saint-Alexis-des-Monts, QC",46.4667,-73.1333,48,1442
"Virden, MB",49.8508,-100.9317,80,1443
"Noonan, NB",45.9544,-66.4868,12,1444
"Dundurn No. 314, SK",51.8261,-106.5416,18,1445
"Church Point, NS",44.3333,-66.1167,40,1446
"Degelis, QC",47.5500,-68.6500,89,1447
"Les Cedres, QC",45.3000,-74.0500,30,1448
"Woodstock, ON",43.1306,-80.7467,81,1449
"East Garafraxa, ON",43.8500,-80.2500,41,1450
"Saint-Denis-de-Brompton, QC",45.4500,-72.0833,22,1451
"North Norfolk, MB",49.9308,-98.8356,29,1452
"Fossambault-sur-le-Lac, QC",46.8667,-71.6167,89,1453
"Swift Current No. 137, SK",50.2211,-107.8559,80,1454
"Squamish, BC",49.7017,-123.1589,47,1455
"Alexander, MB",50.4222,-96.0750,13,1456
"Kirkland, QC",45.4500,-73.8667,12,1457
"WestLake-Gladstone, MB",50.2862,-98.8415,15,1458
"Clarendon, QC",45.6500,-76.5167,44,1459
"Sifton, MB",49.6653,-100.6678,93,1460
"Les Eboulements, QC",47.4833,-70.3167,42,1461
"Georgian Bluffs, ON",44.6500,-81.0333,81,1462
"Saint-Come, QC",46.2700,-73.7800,25,1463
"Lake Country, BC",50.0833,-119.4142,84,1464
"Airdrie, AB",51.2917,-114.0144,32,1465
"Manitouwadge, ON",49.1333,-85.8333,46,1466
"Sidney, BC",48.6506,-123.3986,70,1467
"Saint-Andre-Avellin, QC",45.7167,-75.0667,31,1468
"Fisher, MB",51.0825,-97.6611,25,1469
"Burton, NB",45.8009,-66.4066,35,1470
"Sundre, AB",51.7972,-114.6406,18,1471
"Iqaluit, NU",63.7598,-68.5107,80,1472
"Esquimalt, BC",48.4306,-123.4147,72,1473
"Terrace, BC",54.5164,-128.5997,20,1474
"Middleton, NS",44.9418,-65.0686,47,1475
"Alvinston, ON",42.8489,-81.9049,29,1476
"Saint-Pamphile, QC",46.9667,-69.7833,86,1477
"Ignace, ON",49.4167,-91.6667,17,1478
"Souris-Glenwood, MB",49.6208,-100.2581,30,1479
"Stuartburn, MB",49.1331,-96.5158,61,1480
"Lorne, MB",49.4436,-98.7494,99,1481
"Reynolds, MB",49.7678,-95.8842,34,1482
"Rimbey, AB",52.6333,-114.2167,84,1483
"Saint-Justin, QC",46.2500,-73.0833,61,1484
"Westlock, AB",54.1522,-113.8511,71,1485
"Madawaska Valley, ON",45.5000,-77.6667,94,1486
"Enniskillen, ON",42.8167,-82.1250,98,1487
"Saint-Joseph, NB",47.5580,-68.3082,98,1488
"Moosomin, SK",50.1420,-101.6700,17,1489
"East Angus, QC",45.4833,-71.6667,53,1490
"Bay Bulls, NL",47.3158,-52.8103,80,1491
"Louiseville, QC",46.2500,-72.9500,77,1492
"Listuguj, QC",48.0609,-66.7491,16,1493
"Neepawa, MB",50.2289,-99.4656,29,1494
"King, ON",44.0463,-79.6044,93,1495
"Oakland-Wawanesa, MB",49.6208,-99.8481,35,1496
"Stouffville, ON",43.9667,-79.2500,81,1497
"Casselman, ON",45.3000,-75.0833,96,1498
"Hatley, QC",45.2700,-71.9500,40,1499
"Burgeo, NL",47.6000,-57.6333,85,1500
"Paquetville, NB",47.6334,-65.1803,87,1501
"Frelighsburg, QC",45.0461,-72.8106,67,1502
"Cochrane, ON",49.0667,-81.0167,64,1503
"Cartwright-Roblin, MB",49.1331,-99.2797,51,1504
"St. Alban's, NL",47.8753,-55.8414,74,1505
"Weyburn No. 67, SK",49.6535,-103.8348,74,1506
"Forestville, QC",48.7333,-69.0833,71,1507
"Canwood No. 494, SK",53.4574,-106.7768,62,1508
"Saint-Paul-de-l'Ile-aux-Noix, QC",45.1333,-73.2833,42,1509
"Macamic, QC",48.7500,-79.0000,99,1510
"Stewiacke, NS",45.1422,-63.3483,36,1511
"Kugluktuk, NU",67.8055,-115.3223,16,1512
"Whitehorse, YT",60.7029,-135.0691,89,1513
"Ritchot, MB",49.6647,-97.1167,26,1514
"Asphodel-Norwood, ON",44.3531,-78.0183,78,1515
"Bois-des-Filion, QC",45.6667,-73.7500,53,1516
"Preeceville, SK",51.9580,-102.6673,36,1517
"Hanover, ON",44.1500,-81.0333,79,1518
"Saint-Tite-des-Caps, QC",47.1333,-70.7667,87,1519
"Saint-Germain-de-Grantham, QC",45.8333,-72.5667,13,1520
"Pembroke, ON",45.8167,-77.1000,48,1521
"Girardville, QC",49.0000,-72.5500,80,1522
"Indian Head, SK",50.5333,-103.6667,95,1523
"Oliver Paipoonge, ON",48.3900,-89.5200,20,1524
"Lac-Bouchette, QC",48.2500,-72.1800,21,1525
"Vaudreuil-sur-le-Lac, QC",45.4000,-74.0333,33,1526
"Meadow Lake No. 588, SK",54.1213,-108.2837,43,1527
"Summerland, BC",49.6006,-119.6778,21,1528
"Nanton, AB",50.3494,-113.7717,94,1529
"Buctouche, NB",46.4719,-64.7249,91,1530
"Saint-Jean-Baptiste, QC",45.5167,-73.1167,77,1531
"Saint-Placide, QC",45.5333,-74.2000,30,1532
"Sutton, QC",45.0910,-72.5792,27,1533
"Central Frontenac, ON",44.7167,-76.8000,26,1534
"Rosemere, QC",45.6369,-73.8000,42,1535
"Saint-Hilarion, QC",47.5667,-70.4000,16,1536
"Ucluelet, BC",48.9358,-125.5433,23,1537
"Carberry, MB",49.8689,-99.3594,83,1538
"Carman, MB",49.4992,-98.0008,68,1539
"Memramcook, NB",46.0000,-64.5500,55,1540
"Sainte-Marthe-sur-le-Lac, QC",45.5300,-73.9300,87,1541
"Deer Lake, NL",49.1744,-57.4269,57,1542
"Selwyn, ON",44.4167,-78.3333,34,1543
"Saint-Marc-des-Carrieres, QC",46.6833,-72.0500,20,1544
"Carleton-sur-Mer, QC",48.1000,-66.1333,42,1545
"Buckland No. 491, SK",53.3276,-105.7804,31,1546
"Ashcroft, BC",50.7256,-121.2806,16,1547
"Laval, QC",45.5833,-73.7500,95,1548
"Mascouche, QC",45.7500,-73.6000,70,1549
"Shaunavon, SK",49.6510,-108.4120,49,1550
"Champlain, QC",46.4500,-72.3500,24,1551
"Bowen Island, BC",49.3833,-123.3833,68,1552
"Saint-Felicien, QC",48.6500,-72.4500,98,1553
"Stratford, ON",43.3708,-80.9819,72,1554
"Maugerville, NB",46.1301,-66.2859,78,1555
"Madoc, ON",44.5833,-77.5167,19,1556
"Sainte-Genevieve-de-Berthier, QC",46.0833,-73.2167,72,1557
"Winkler, MB",49.1817,-97.9397,16,1558
"Grimsby, ON",43.2000,-79.5500,51,1559
"Black Diamond, AB",50.6881,-114.2333,93,1560
"Sainte-Genevieve-de-Batiscan, QC",46.5333,-72.3333,37,1561
"Assiniboia, SK",49.6167,-105.9833,10,1562
"Beaconsfield, QC",45.4333,-73.8667,58,1563
"Springdale, NL",49.4974,-56.0727,21,1564
"Argyle, MB",49.3697,-99.1506,62,1565
"Bas Caraquet, NB",47.8000,-64.8333,28,1566
"Shelburne, ON",44.0833,-80.2000,10,1567
"Lorraine, QC",45.6833,-73.7833,81,1568
"Brooks, AB",50.5642,-111.8989,20,1569
"Mashteuiatsh, QC",48.5690,-72.2495,78,1570
"Springbrook, AB",52.1796,-113.8850,26,1571
"Niverville, MB",49.6056,-97.0417,27,1572
"Barriere, BC",51.1803,-120.1261,98,1573
"Riviere-Heva, QC",48.2333,-78.2167,97,1574
"Rideau Lakes, ON",44.6667,-76.2167,40,1575
"Digby, NS",44.6222,-65.7606,27,1576
"Pelham, ON",43.0333,-79.3333,78,1577
"Frenchman Butte, SK",53.6052,-109.4298,42,1578
"Glenelg, NB",46.9455,-65.2893,87,1579
"Chisasibi, QC",53.6645,-78.7938,63,1580
"Venise-en-Quebec, QC",45.0833,-73.1333,98,1581
"Conestogo, ON",43.5441,-80.4997,14,1582
"Minnedosa, MB",50.2453,-99.8428,95,1583
"Centre Hastings, ON",44.4167,-77.4417,47,1584
"Durham, NB",47.7631,-66.0849,14,1585
"Warwick, QC",45.9500,-71.9833,13,1586
"Wainfleet, ON",42.9250,-79.3750,40,1587
"Saint-Gervais, QC",46.7167,-70.8833,39,1588
"Grimshaw, AB",56.1908,-117.6117,19,1589
"Lumsden, SK",50.6463,-104.8676,58,1590
"Whistler, BC",50.1208,-122.9544,68,1591
"Akwesasne, QC",45.0155,-74.5769,24,1592
"Brighton, NB",46.3316,-67.3585,62,1593
"Witless Bay, NL",47.2800,-52.8300,36,1594
"Nipawin No. 487, SK",53.2881,-104.0544,59,1595
"Tring-Jonction, QC",46.2667,-70.9833,35,1596
"Vauxhall, AB",50.0689,-112.0975,59,1597
"Denmark, NB",47.1155,-67.4771,97,1598
"Delta, BC",49.0847,-123.0586,64,1599
"Botsford, NB",46.1145,-63.9804,75,1600
"Logy Bay-Middle Cove-Outer Cove, NL",47.6300,-52.6800,13,1601
"Saint-Ludger, QC",45.7500,-70.7000,28,1602
"Sainte-Anne-du-Sault, QC",46.1733,-72.1415,49,1603
"Sioux Narrows-Nestor Falls, ON",49.4000,-94.0800,45,1604
"Tracadie, NB",47.5124,-64.9101,92,1605
"Corner Brook, NL",48.9287,-57.9260,97,1606
"Hudson Bay No. 394, SK",53.0295,-102.3122,51,1607
"Humbermouth, NL",49.0156,-58.1678,62,1608
"Edwardsburgh/Cardinal, ON",44.8333,-75.5000,65,1609
"La Sarre, QC",48.8000,-79.2000,61,1610
"Sainte-Petronille, QC",46.8500,-71.1333,24,1611
"Repentigny, QC",45.7333,-73.4667,41,1612
"Terrasse-Vaudreuil, QC",45.4000,-73.9833,73,1613
"Manners Sutton, NB",45.6417,-67.0609,46,1614
"Old Chelsea, QC",45.5000,-75.7833,25,1615
"Wetaskiwin, AB",52.9694,-113.3769,76,1616
"Shediac, NB",46.2167,-64.5333,24,1617
"Taloyoak, NU",69.5554,-93.4972,13,1618
"Saint-Hubert-de-Riviere-du-Loup, QC",47.8167,-69.1500,55,1619
"Oka, QC",45.4700,-74.0800,29,1620
"Pierreville, QC",46.0667,-72.8167,75,1621
"Wood Buffalo, AB",57.6042,-111.3284,99,1622
"South Bruce, ON",44.0333,-81.2000,17,1623
"Wickham, QC",45.7500,-72.5000,33,1624
"Wentworth-Nord, QC",45.8500,-74.4500,16,1625
"Lebel-sur-Quevillon, QC",49.0500,-76.9833,49,1626
"Chase, BC",50.8189,-119.6844,97,1627
"Algonquin Highlands, ON",45.4000,-78.7500,80,1628
"Saint-Raymond, QC",46.9000,-71.8333,17,1629
"L'Ancienne-Lorette, QC",46.8000,-71.3500,70,1630
"Sainte-Cecile-de-Milton, QC",45.4833,-72.7500,69,1631
"Messines, QC",46.2333,-76.0167,37,1632
"Assiginack, ON",45.7333,-81.8000,64,1633
"Longueuil, QC",45.5333,-73.5167,58,1634
"South River, ON",45.8417,-79.3750,23,1635
"Saint Andrews, NB",45.0740,-67.0521,94,1636
"Tara, ON",44.4793,-81.1445,76,1637
"Berthier-sur-Mer, QC",46.9167,-70.7333,93,1638
"Saint-Lambert, QC",45.5000,-73.5167,65,1639
"Lac-Etchemin, QC",46.4000,-70.5000,61,1640
"Neuville, QC",46.7000,-71.5833,48,1641
"Baie-du-Febvre, QC",46.1300,-72.7200,61,1642
"Grand View, MB",51.1550,-100.7892,56,1643
"Yamachiche, QC",46.2667,-72.8333,56,1644
"Saint-Simon, QC",45.7190,-72.8463,93,1645
"Central Elgin, ON",42.7667,-81.1000,59,1646
"Enderby, BC",50.5508,-119.1397,13,1647
"Stettler, AB",52.3236,-112.7192,24,1648
"Melancthon, ON",44.1500,-80.2667,12,1649
"Central Saanich, BC",48.5142,-123.3839,79,1650
"Sainte-Emelie-de-l'Energie, QC",46.3167,-73.6500,79,1651
"Massey Drive, NL",48.9372,-57.9000,28,1652
"Uxbridge, ON",44.1167,-79.1333,77,1653
"Sainte-Sophie, QC",45.8200,-73.9000,72,1654
"Wakefield, NB",46.2406,-67.6248,69,1655
"Upton, QC",45.6500,-72.6833,18,1656
"Rosedale, MB",50.4397,-99.5389,39,1657
"Fort Frances, ON",48.6167,-93.4000,37,1658
"Dalmeny, SK",52.3411,-106.7733,70,1659
"Saint-Bernard-de-Lacolle, QC",45.0833,-73.4167,84,1660
"Raymond, AB",49.4658,-112.6508,89,1661
"Brandon, MB",49.8483,-99.9500,53,1662
"Kentville, NS",45.0775,-64.4958,38,1663
"Sainte-Melanie, QC",46.1333,-73.5167,14,1664
"Saint-Simeon, QC",48.0667,-65.5667,42,1665
"La Malbaie, QC",47.6500,-70.1500,48,1666
"Lorette, MB",49.7414,-96.8761,85,1667
"Guelph, ON",43.5500,-80.2500,83,1668
"Saint-Michel-des-Saints, QC",46.6833,-73.9167,63,1669
"Saint-Francois-Xavier-de-Brompton, QC",45.5333,-72.0500,25,1670
"Kincardine, ON",44.1667,-81.6333,97,1671
"Langley, BC",49.1044,-122.5827,15,1672
"Desbiens, QC",48.4167,-71.9500,66,1673
"Prairie Lakes, MB",49.4034,-99.6298,90,1674
"Lac-aux-Sables, QC",46.8667,-72.4000,38,1675
"Brossard, QC",45.4667,-73.4500,33,1676
"South Qu'Appelle No. 157, SK",50.5389,-104.0141,17,1677
"Orangeville, ON",43.9167,-80.1167,47,1678
"Greater Napanee, ON",44.2500,-76.9500,86,1679
"Maria, QC",48.1667,-65.9833,48,1680
"Barraute, QC",48.4333,-77.6333,87,1681
"Amqui, QC",48.4667,-67.4333,87,1682
"Norwich, ON",42.9833,-80.6000,60,1683
"Seguin, ON",45.2882,-79.8116,64,1684
"Perth, NB",46.7393,-67.6984,95,1685
"St. George's, NL",48.4275,-58.4778,64,1686
"Saint-Jean-Port-Joli, QC",47.2167,-70.2667,58,1687
"North Battleford, SK",52.7575,-108.2861,89,1688
"Saint-Benoit-Labre, QC",46.0667,-70.8000,31,1689
"Dundas, NB",46.3155,-64.6947,35,1690
"Selkirk, MB",50.1436,-96.8839,42,1691
"Leduc, AB",53.2594,-113.5492,18,1692
"Igloolik, NU",69.3817,-81.6811,84,1693
"Rama, SK",51.7578,-103.0008,43,1694
"Kerrobert, SK",51.9200,-109.1272,22,1695
"Saint-Gabriel-de-Rimouski, QC",48.4209,-68.1791,62,1696
"Sainte-Agathe-des-Monts, QC",46.0500,-74.2800,23,1697
"Rosthern No. 403, SK",52.6206,-106.3967,32,1698
"Stoneham-et-Tewkesbury, QC",47.1667,-71.4333,56,1699
"Saint-Paul-d'Abbotsford, QC",45.4333,-72.8833,56,1700
"Georgian Bay, ON",44.9833,-79.8167,62,1701
"Port Coquitlam, BC",49.2625,-122.7811,40,1702
"Saint-Honore-de-Shenley, QC",45.9667,-70.8333,52,1703
"Marmora and Lake, ON",44.6425,-77.7372,66,1704
"Shippegan, NB",47.7439,-64.7178,14,1705
"De Salaberry, MB",49.4403,-96.9844,28,1706
"Clarkes Beach, NL",47.5447,-53.2824,12,1707
"Nelson, BC",49.5000,-117.2833,76,1708
"Peel, NB",46.4058,-67.5278,37,1709
"Contrecoeur, QC",45.8500,-73.2333,99,1710
"Gravenhurst, ON",44.9167,-79.3667,40,1711
"Steinbach, MB",49.5258,-96.6839,44,1712
"Sainte-Henedine, QC",46.5500,-70.9833,37,1713
"Waswanipi, QC",49.7883,-75.9544,82,1714
"Stanstead, QC",45.0167,-72.1000,70,1715
"Bon Accord, AB",53.8328,-113.4189,14,1716
"Cap-Saint-Ignace, QC",47.0333,-70.4667,40,1717
"Deleage, QC",46.3833,-75.9167,91,1718
"East St. Paul, MB",49.9772,-97.0103,48,1719
"Gjoa Haven, NU",68.6448,-95.8912,16,1720
"Saint-Majorique-de-Grantham, QC",45.9333,-72.5833,93,1721
"Arviat, NU",61.0996,-94.1688,93,1722
"Grey, MB",49.7094,-98.0736,12,1723
"Saint-Prime, QC",48.5800,-72.3300,48,1724
"Saint-Cyrille-de-Wendover, QC",45.9333,-72.4333,15,1725
"Bancroft, ON",45.0500,-77.8500,98,1726
"Ascot Corner, QC",45.4500,-71.7667,46,1727
"Henryville, QC",45.1333,-73.1833,99,1728
"Beaverlodge, AB",55.2094,-119.4292,59,1729
"Bright, NB",46.1205,-67.0545,67,1730
"Cavan Monaghan, ON",44.2000,-78.4667,53,1731
"Saint Stephen, NB",45.2000,-67.2833,88,1732
"Lincoln, NB",45.8716,-66.5437,44,1733
"Hillsborough, NB",45.9052,-64.7652,94,1734
"Kuujjuaq, QC",58.1429,-68.3742,75,1735
"Southwest Middlesex, ON",42.7500,-81.7000,27,1736
"St. Joseph, ON",46.2667,-84.0000,93,1737
"North Saanich, BC",48.6142,-123.4200,10,1738
